idpessoa;flnatureza;dsdocumento;nmprimeiro;nmsegundo;dtregistro;dscep
1;11;CNH;FERNANDO;SILVA;01/10/2022;38303233
2;11;CNH;FERNANDO;SILVA;02/10/2022;38303233
3;11;CNH;FERNANDO;SILVA;03/10/2022;38303233
4;11;CNH;FERNANDO;SILVA;04/10/2022;38303233
5;11;CNH;FERNANDO;SILVA;05/10/2022;38303233
6;11;CNH;FERNANDO;SILVA;06/10/2022;38303233
7;11;CNH;FERNANDO;SILVA;07/10/2022;38303233
8;11;CNH;FERNANDO;SILVA;08/10/2022;38303233
9;11;CNH;FERNANDO;SILVA;09/10/2022;38303233
10;11;CNH;FERNANDO;SILVA;10/10/2022;38303233
11;11;CNH;FERNANDO;SILVA;11/10/2022;38303233
12;11;CNH;FERNANDO;SILVA;12/10/2022;38303233
13;11;CNH;FERNANDO;SILVA;13/10/2022;38303233
14;11;CNH;FERNANDO;SILVA;14/10/2022;38303233
15;11;CNH;FERNANDO;SILVA;15/10/2022;38303233
16;11;CNH;FERNANDO;SILVA;16/10/2022;38303233
17;11;CNH;FERNANDO;SILVA;17/10/2022;38303233
18;11;CNH;FERNANDO;SILVA;18/10/2022;38303233
19;11;CNH;FERNANDO;SILVA;19/10/2022;38303233
20;11;CNH;FERNANDO;SILVA;20/10/2022;38303233
21;11;CNH;FERNANDO;SILVA;21/10/2022;38303233
22;11;CNH;FERNANDO;SILVA;22/10/2022;38303233
23;11;CNH;FERNANDO;SILVA;23/10/2022;38303233
24;11;CNH;FERNANDO;SILVA;24/10/2022;38303233
25;11;CNH;FERNANDO;SILVA;25/10/2022;38303233
26;11;CNH;FERNANDO;SILVA;26/10/2022;38303233
27;11;CNH;FERNANDO;SILVA;27/10/2022;38303233
28;11;CNH;FERNANDO;SILVA;28/10/2022;38303233
29;11;CNH;FERNANDO;SILVA;29/10/2022;38303233
30;11;CNH;FERNANDO;SILVA;30/10/2022;38303233
31;11;CNH;FERNANDO;SILVA;31/10/2022;38303233
32;11;CNH;FERNANDO;SILVA;01/11/2022;38303233
33;11;CNH;FERNANDO;SILVA;02/11/2022;38303233
34;11;CNH;FERNANDO;SILVA;03/11/2022;38303233
35;11;CNH;FERNANDO;SILVA;04/11/2022;38303233
36;11;CNH;FERNANDO;SILVA;05/11/2022;38303233
37;11;CNH;FERNANDO;SILVA;06/11/2022;38303233
38;11;CNH;FERNANDO;SILVA;07/11/2022;38303233
39;11;CNH;FERNANDO;SILVA;08/11/2022;38303233
40;11;CNH;FERNANDO;SILVA;09/11/2022;38303233
41;11;CNH;FERNANDO;SILVA;10/11/2022;38303233
42;11;CNH;FERNANDO;SILVA;11/11/2022;38303233
43;11;CNH;FERNANDO;SILVA;12/11/2022;38303233
44;11;CNH;FERNANDO;SILVA;13/11/2022;38303233
45;11;CNH;FERNANDO;SILVA;14/11/2022;38303233
46;11;CNH;FERNANDO;SILVA;15/11/2022;38303233
47;11;CNH;FERNANDO;SILVA;16/11/2022;38303233
48;11;CNH;FERNANDO;SILVA;17/11/2022;38303233
49;11;CNH;FERNANDO;SILVA;18/11/2022;38303233
50;11;CNH;FERNANDO;SILVA;19/11/2022;38303233
51;11;CNH;FERNANDO;SILVA;20/11/2022;38303233
52;11;CNH;FERNANDO;SILVA;21/11/2022;38303233
53;11;CNH;FERNANDO;SILVA;22/11/2022;38303233
54;11;CNH;FERNANDO;SILVA;23/11/2022;38303233
55;11;CNH;FERNANDO;SILVA;24/11/2022;38303233
56;11;CNH;FERNANDO;SILVA;25/11/2022;38303233
57;11;CNH;FERNANDO;SILVA;26/11/2022;38303233
58;11;CNH;FERNANDO;SILVA;27/11/2022;38303233
59;11;CNH;FERNANDO;SILVA;28/11/2022;38303233
60;11;CNH;FERNANDO;SILVA;29/11/2022;38303233
61;11;CNH;FERNANDO;SILVA;30/11/2022;38303233
62;11;CNH;FERNANDO;SILVA;01/12/2022;38303233
63;11;CNH;FERNANDO;SILVA;02/12/2022;38303233
64;11;CNH;FERNANDO;SILVA;03/12/2022;38303233
65;11;CNH;FERNANDO;SILVA;04/12/2022;38303233
66;11;CNH;FERNANDO;SILVA;05/12/2022;38303233
67;11;CNH;FERNANDO;SILVA;06/12/2022;38303233
68;11;CNH;FERNANDO;SILVA;07/12/2022;38303233
69;11;CNH;FERNANDO;SILVA;08/12/2022;38303233
70;11;CNH;FERNANDO;SILVA;09/12/2022;38303233
71;11;CNH;FERNANDO;SILVA;10/12/2022;38303233
72;11;CNH;FERNANDO;SILVA;11/12/2022;38303233
73;11;CNH;FERNANDO;SILVA;12/12/2022;38303233
74;11;CNH;FERNANDO;SILVA;13/12/2022;38303233
75;11;CNH;FERNANDO;SILVA;14/12/2022;38303233
76;11;CNH;FERNANDO;SILVA;15/12/2022;38303233
77;11;CNH;FERNANDO;SILVA;16/12/2022;38303233
78;11;CNH;FERNANDO;SILVA;17/12/2022;38303233
79;11;CNH;FERNANDO;SILVA;18/12/2022;38303233
80;11;CNH;FERNANDO;SILVA;19/12/2022;38303233
81;11;CNH;FERNANDO;SILVA;20/12/2022;38303233
82;11;CNH;FERNANDO;SILVA;21/12/2022;38303233
83;11;CNH;FERNANDO;SILVA;22/12/2022;38303233
84;11;CNH;FERNANDO;SILVA;23/12/2022;38303233
85;11;CNH;FERNANDO;SILVA;24/12/2022;38303233
86;11;CNH;FERNANDO;SILVA;25/12/2022;38303233
87;11;CNH;FERNANDO;SILVA;26/12/2022;38303233
88;11;CNH;FERNANDO;SILVA;27/12/2022;38303233
89;11;CNH;FERNANDO;SILVA;28/12/2022;38303233
90;11;CNH;FERNANDO;SILVA;29/12/2022;38303233
91;11;CNH;FERNANDO;SILVA;30/12/2022;38303233
92;11;CNH;FERNANDO;SILVA;31/12/2022;38303233
93;11;CNH;FERNANDO;SILVA;01/01/2023;38303233
94;11;CNH;FERNANDO;SILVA;02/01/2023;38303233
95;11;CNH;FERNANDO;SILVA;03/01/2023;38303233
96;11;CNH;FERNANDO;SILVA;04/01/2023;38303233
97;11;CNH;FERNANDO;SILVA;05/01/2023;38303233
98;11;CNH;FERNANDO;SILVA;06/01/2023;38303233
99;11;CNH;FERNANDO;SILVA;07/01/2023;38303233
100;11;CNH;FERNANDO;SILVA;08/01/2023;38303233
101;11;CNH;FERNANDO;SILVA;09/01/2023;38303233
102;11;CNH;FERNANDO;SILVA;10/01/2023;38303233
103;11;CNH;FERNANDO;SILVA;11/01/2023;38303233
104;11;CNH;FERNANDO;SILVA;12/01/2023;38303233
105;11;CNH;FERNANDO;SILVA;13/01/2023;38303233
106;11;CNH;FERNANDO;SILVA;14/01/2023;38303233
107;11;CNH;FERNANDO;SILVA;15/01/2023;38303233
108;11;CNH;FERNANDO;SILVA;16/01/2023;38303233
109;11;CNH;FERNANDO;SILVA;17/01/2023;38303233
110;11;CNH;FERNANDO;SILVA;18/01/2023;38303233
111;11;CNH;FERNANDO;SILVA;19/01/2023;38303233
112;11;CNH;FERNANDO;SILVA;20/01/2023;38303233
113;11;CNH;FERNANDO;SILVA;21/01/2023;38303233
114;11;CNH;FERNANDO;SILVA;22/01/2023;38303233
115;11;CNH;FERNANDO;SILVA;23/01/2023;38303233
116;11;CNH;FERNANDO;SILVA;24/01/2023;38303233
117;11;CNH;FERNANDO;SILVA;25/01/2023;38303233
118;11;CNH;FERNANDO;SILVA;26/01/2023;38303233
119;11;CNH;FERNANDO;SILVA;27/01/2023;38303233
120;11;CNH;FERNANDO;SILVA;28/01/2023;38303233
121;11;CNH;FERNANDO;SILVA;29/01/2023;38303233
122;11;CNH;FERNANDO;SILVA;30/01/2023;38303233
123;11;CNH;FERNANDO;SILVA;31/01/2023;38303233
124;11;CNH;FERNANDO;SILVA;01/02/2023;38303233
125;11;CNH;FERNANDO;SILVA;02/02/2023;38303233
126;11;CNH;FERNANDO;SILVA;03/02/2023;38303233
127;11;CNH;FERNANDO;SILVA;04/02/2023;38303233
128;11;CNH;FERNANDO;SILVA;05/02/2023;38303233
129;11;CNH;FERNANDO;SILVA;06/02/2023;38303233
130;11;CNH;FERNANDO;SILVA;07/02/2023;38303233
131;11;CNH;FERNANDO;SILVA;08/02/2023;38303233
132;11;CNH;FERNANDO;SILVA;09/02/2023;38303233
133;11;CNH;FERNANDO;SILVA;10/02/2023;38303233
134;11;CNH;FERNANDO;SILVA;11/02/2023;38303233
135;11;CNH;FERNANDO;SILVA;12/02/2023;38303233
136;11;CNH;FERNANDO;SILVA;13/02/2023;38303233
137;11;CNH;FERNANDO;SILVA;14/02/2023;38303233
138;11;CNH;FERNANDO;SILVA;15/02/2023;38303233
139;11;CNH;FERNANDO;SILVA;16/02/2023;38303233
140;11;CNH;FERNANDO;SILVA;17/02/2023;38303233
141;11;CNH;FERNANDO;SILVA;18/02/2023;38303233
142;11;CNH;FERNANDO;SILVA;19/02/2023;38303233
143;11;CNH;FERNANDO;SILVA;20/02/2023;38303233
144;11;CNH;FERNANDO;SILVA;21/02/2023;38303233
145;11;CNH;FERNANDO;SILVA;22/02/2023;38303233
146;11;CNH;FERNANDO;SILVA;23/02/2023;38303233
147;11;CNH;FERNANDO;SILVA;24/02/2023;38303233
148;11;CNH;FERNANDO;SILVA;25/02/2023;38303233
149;11;CNH;FERNANDO;SILVA;26/02/2023;38303233
150;11;CNH;FERNANDO;SILVA;27/02/2023;38303233
151;11;CNH;FERNANDO;SILVA;28/02/2023;38303233
152;11;CNH;FERNANDO;SILVA;01/03/2023;38303233
153;11;CNH;FERNANDO;SILVA;02/03/2023;38303233
154;11;CNH;FERNANDO;SILVA;03/03/2023;38303233
155;11;CNH;FERNANDO;SILVA;04/03/2023;38303233
156;11;CNH;FERNANDO;SILVA;05/03/2023;38303233
157;11;CNH;FERNANDO;SILVA;06/03/2023;38303233
158;11;CNH;FERNANDO;SILVA;07/03/2023;38303233
159;11;CNH;FERNANDO;SILVA;08/03/2023;38303233
160;11;CNH;FERNANDO;SILVA;09/03/2023;38303233
161;11;CNH;FERNANDO;SILVA;10/03/2023;38303233
162;11;CNH;FERNANDO;SILVA;11/03/2023;38303233
163;11;CNH;FERNANDO;SILVA;12/03/2023;38303233
164;11;CNH;FERNANDO;SILVA;13/03/2023;38303233
165;11;CNH;FERNANDO;SILVA;14/03/2023;38303233
166;11;CNH;FERNANDO;SILVA;15/03/2023;38303233
167;11;CNH;FERNANDO;SILVA;16/03/2023;38303233
168;11;CNH;FERNANDO;SILVA;17/03/2023;38303233
169;11;CNH;FERNANDO;SILVA;18/03/2023;38303233
170;11;CNH;FERNANDO;SILVA;19/03/2023;38303233
171;11;CNH;FERNANDO;SILVA;20/03/2023;38303233
172;11;CNH;FERNANDO;SILVA;21/03/2023;38303233
173;11;CNH;FERNANDO;SILVA;22/03/2023;38303233
174;11;CNH;FERNANDO;SILVA;23/03/2023;38303233
175;11;CNH;FERNANDO;SILVA;24/03/2023;38303233
176;11;CNH;FERNANDO;SILVA;25/03/2023;38303233
177;11;CNH;FERNANDO;SILVA;26/03/2023;38303233
178;11;CNH;FERNANDO;SILVA;27/03/2023;38303233
179;11;CNH;FERNANDO;SILVA;28/03/2023;38303233
180;11;CNH;FERNANDO;SILVA;29/03/2023;38303233
181;11;CNH;FERNANDO;SILVA;30/03/2023;38303233
182;11;CNH;FERNANDO;SILVA;31/03/2023;38303233
183;11;CNH;FERNANDO;SILVA;01/04/2023;38303233
184;11;CNH;FERNANDO;SILVA;02/04/2023;38303233
185;11;CNH;FERNANDO;SILVA;03/04/2023;38303233
186;11;CNH;FERNANDO;SILVA;04/04/2023;38303233
187;11;CNH;FERNANDO;SILVA;05/04/2023;38303233
188;11;CNH;FERNANDO;SILVA;06/04/2023;38303233
189;11;CNH;FERNANDO;SILVA;07/04/2023;38303233
190;11;CNH;FERNANDO;SILVA;08/04/2023;38303233
191;11;CNH;FERNANDO;SILVA;09/04/2023;38303233
192;11;CNH;FERNANDO;SILVA;10/04/2023;38303233
193;11;CNH;FERNANDO;SILVA;11/04/2023;38303233
194;11;CNH;FERNANDO;SILVA;12/04/2023;38303233
195;11;CNH;FERNANDO;SILVA;13/04/2023;38303233
196;11;CNH;FERNANDO;SILVA;14/04/2023;38303233
197;11;CNH;FERNANDO;SILVA;15/04/2023;38303233
198;11;CNH;FERNANDO;SILVA;16/04/2023;38303233
199;11;CNH;FERNANDO;SILVA;17/04/2023;38303233
200;11;CNH;FERNANDO;SILVA;18/04/2023;38303233
201;11;CNH;FERNANDO;SILVA;19/04/2023;38303233
202;11;CNH;FERNANDO;SILVA;20/04/2023;38303233
203;11;CNH;FERNANDO;SILVA;21/04/2023;38303233
204;11;CNH;FERNANDO;SILVA;22/04/2023;38303233
205;11;CNH;FERNANDO;SILVA;23/04/2023;38303233
206;11;CNH;FERNANDO;SILVA;24/04/2023;38303233
207;11;CNH;FERNANDO;SILVA;25/04/2023;38303233
208;11;CNH;FERNANDO;SILVA;26/04/2023;38303233
209;11;CNH;FERNANDO;SILVA;27/04/2023;38303233
210;11;CNH;FERNANDO;SILVA;28/04/2023;38303233
211;11;CNH;FERNANDO;SILVA;29/04/2023;38303233
212;11;CNH;FERNANDO;SILVA;30/04/2023;38303233
213;11;CNH;FERNANDO;SILVA;01/05/2023;38303233
214;11;CNH;FERNANDO;SILVA;02/05/2023;38303233
215;11;CNH;FERNANDO;SILVA;03/05/2023;38303233
216;11;CNH;FERNANDO;SILVA;04/05/2023;38303233
217;11;CNH;FERNANDO;SILVA;05/05/2023;38303233
218;11;CNH;FERNANDO;SILVA;06/05/2023;38303233
219;11;CNH;FERNANDO;SILVA;07/05/2023;38303233
220;11;CNH;FERNANDO;SILVA;08/05/2023;38303233
221;11;CNH;FERNANDO;SILVA;09/05/2023;38303233
222;11;CNH;FERNANDO;SILVA;10/05/2023;38303233
223;11;CNH;FERNANDO;SILVA;11/05/2023;38303233
224;11;CNH;FERNANDO;SILVA;12/05/2023;38303233
225;11;CNH;FERNANDO;SILVA;13/05/2023;38303233
226;11;CNH;FERNANDO;SILVA;14/05/2023;38303233
227;11;CNH;FERNANDO;SILVA;15/05/2023;38303233
228;11;CNH;FERNANDO;SILVA;16/05/2023;38303233
229;11;CNH;FERNANDO;SILVA;17/05/2023;38303233
230;11;CNH;FERNANDO;SILVA;18/05/2023;38303233
231;11;CNH;FERNANDO;SILVA;19/05/2023;38303233
232;11;CNH;FERNANDO;SILVA;20/05/2023;38303233
233;11;CNH;FERNANDO;SILVA;21/05/2023;38303233
234;11;CNH;FERNANDO;SILVA;22/05/2023;38303233
235;11;CNH;FERNANDO;SILVA;23/05/2023;38303233
236;11;CNH;FERNANDO;SILVA;24/05/2023;38303233
237;11;CNH;FERNANDO;SILVA;25/05/2023;38303233
238;11;CNH;FERNANDO;SILVA;26/05/2023;38303233
239;11;CNH;FERNANDO;SILVA;27/05/2023;38303233
240;11;CNH;FERNANDO;SILVA;28/05/2023;38303233
241;11;CNH;FERNANDO;SILVA;29/05/2023;38303233
242;11;CNH;FERNANDO;SILVA;30/05/2023;38303233
243;11;CNH;FERNANDO;SILVA;31/05/2023;38303233
244;11;CNH;FERNANDO;SILVA;01/06/2023;38303233
245;11;CNH;FERNANDO;SILVA;02/06/2023;38303233
246;11;CNH;FERNANDO;SILVA;03/06/2023;38303233
247;11;CNH;FERNANDO;SILVA;04/06/2023;38303233
248;11;CNH;FERNANDO;SILVA;05/06/2023;38303233
249;11;CNH;FERNANDO;SILVA;06/06/2023;38303233
250;11;CNH;FERNANDO;SILVA;07/06/2023;38303233
251;11;CNH;FERNANDO;SILVA;08/06/2023;38303233
252;11;CNH;FERNANDO;SILVA;09/06/2023;38303233
253;11;CNH;FERNANDO;SILVA;10/06/2023;38303233
254;11;CNH;FERNANDO;SILVA;11/06/2023;38303233
255;11;CNH;FERNANDO;SILVA;12/06/2023;38303233
256;11;CNH;FERNANDO;SILVA;13/06/2023;38303233
257;11;CNH;FERNANDO;SILVA;14/06/2023;38303233
258;11;CNH;FERNANDO;SILVA;15/06/2023;38303233
259;11;CNH;FERNANDO;SILVA;16/06/2023;38303233
260;11;CNH;FERNANDO;SILVA;17/06/2023;38303233
261;11;CNH;FERNANDO;SILVA;18/06/2023;38303233
262;11;CNH;FERNANDO;SILVA;19/06/2023;38303233
263;11;CNH;FERNANDO;SILVA;20/06/2023;38303233
264;11;CNH;FERNANDO;SILVA;21/06/2023;38303233
265;11;CNH;FERNANDO;SILVA;22/06/2023;38303233
266;11;CNH;FERNANDO;SILVA;23/06/2023;38303233
267;11;CNH;FERNANDO;SILVA;24/06/2023;38303233
268;11;CNH;FERNANDO;SILVA;25/06/2023;38303233
269;11;CNH;FERNANDO;SILVA;26/06/2023;38303233
270;11;CNH;FERNANDO;SILVA;27/06/2023;38303233
271;11;CNH;FERNANDO;SILVA;28/06/2023;38303233
272;11;CNH;FERNANDO;SILVA;29/06/2023;38303233
273;11;CNH;FERNANDO;SILVA;30/06/2023;38303233
274;11;CNH;FERNANDO;SILVA;01/07/2023;38303233
275;11;CNH;FERNANDO;SILVA;02/07/2023;38303233
276;11;CNH;FERNANDO;SILVA;03/07/2023;38303233
277;11;CNH;FERNANDO;SILVA;04/07/2023;38303233
278;11;CNH;FERNANDO;SILVA;05/07/2023;38303233
279;11;CNH;FERNANDO;SILVA;06/07/2023;38303233
280;11;CNH;FERNANDO;SILVA;07/07/2023;38303233
281;11;CNH;FERNANDO;SILVA;08/07/2023;38303233
282;11;CNH;FERNANDO;SILVA;09/07/2023;38303233
283;11;CNH;FERNANDO;SILVA;10/07/2023;38303233
284;11;CNH;FERNANDO;SILVA;11/07/2023;38303233
285;11;CNH;FERNANDO;SILVA;12/07/2023;38303233
286;11;CNH;FERNANDO;SILVA;13/07/2023;38303233
287;11;CNH;FERNANDO;SILVA;14/07/2023;38303233
288;11;CNH;FERNANDO;SILVA;15/07/2023;38303233
289;11;CNH;FERNANDO;SILVA;16/07/2023;38303233
290;11;CNH;FERNANDO;SILVA;17/07/2023;38303233
291;11;CNH;FERNANDO;SILVA;18/07/2023;38303233
292;11;CNH;FERNANDO;SILVA;19/07/2023;38303233
293;11;CNH;FERNANDO;SILVA;20/07/2023;38303233
294;11;CNH;FERNANDO;SILVA;21/07/2023;38303233
295;11;CNH;FERNANDO;SILVA;22/07/2023;38303233
296;11;CNH;FERNANDO;SILVA;23/07/2023;38303233
297;11;CNH;FERNANDO;SILVA;24/07/2023;38303233
298;11;CNH;FERNANDO;SILVA;25/07/2023;38303233
299;11;CNH;FERNANDO;SILVA;26/07/2023;38303233
300;11;CNH;FERNANDO;SILVA;27/07/2023;38303233
301;11;CNH;FERNANDO;SILVA;28/07/2023;38303233
302;11;CNH;FERNANDO;SILVA;29/07/2023;38303233
303;11;CNH;FERNANDO;SILVA;30/07/2023;38303233
304;11;CNH;FERNANDO;SILVA;31/07/2023;38303233
305;11;CNH;FERNANDO;SILVA;01/08/2023;38303233
306;11;CNH;FERNANDO;SILVA;02/08/2023;38303233
307;11;CNH;FERNANDO;SILVA;03/08/2023;38303233
308;11;CNH;FERNANDO;SILVA;04/08/2023;38303233
309;11;CNH;FERNANDO;SILVA;05/08/2023;38303233
310;11;CNH;FERNANDO;SILVA;06/08/2023;38303233
311;11;CNH;FERNANDO;SILVA;07/08/2023;38303233
312;11;CNH;FERNANDO;SILVA;08/08/2023;38303233
313;11;CNH;FERNANDO;SILVA;09/08/2023;38303233
314;11;CNH;FERNANDO;SILVA;10/08/2023;38303233
315;11;CNH;FERNANDO;SILVA;11/08/2023;38303233
316;11;CNH;FERNANDO;SILVA;12/08/2023;38303233
317;11;CNH;FERNANDO;SILVA;13/08/2023;38303233
318;11;CNH;FERNANDO;SILVA;14/08/2023;38303233
319;11;CNH;FERNANDO;SILVA;15/08/2023;38303233
320;11;CNH;FERNANDO;SILVA;16/08/2023;38303233
321;11;CNH;FERNANDO;SILVA;17/08/2023;38303233
322;11;CNH;FERNANDO;SILVA;18/08/2023;38303233
323;11;CNH;FERNANDO;SILVA;19/08/2023;38303233
324;11;CNH;FERNANDO;SILVA;20/08/2023;38303233
325;11;CNH;FERNANDO;SILVA;21/08/2023;38303233
326;11;CNH;FERNANDO;SILVA;22/08/2023;38303233
327;11;CNH;FERNANDO;SILVA;23/08/2023;38303233
328;11;CNH;FERNANDO;SILVA;24/08/2023;38303233
329;11;CNH;FERNANDO;SILVA;25/08/2023;38303233
330;11;CNH;FERNANDO;SILVA;26/08/2023;38303233
331;11;CNH;FERNANDO;SILVA;27/08/2023;38303233
332;11;CNH;FERNANDO;SILVA;28/08/2023;38303233
333;11;CNH;FERNANDO;SILVA;29/08/2023;38303233
334;11;CNH;FERNANDO;SILVA;30/08/2023;38303233
335;11;CNH;FERNANDO;SILVA;31/08/2023;38303233
336;11;CNH;FERNANDO;SILVA;01/09/2023;38303233
337;11;CNH;FERNANDO;SILVA;02/09/2023;38303233
338;11;CNH;FERNANDO;SILVA;03/09/2023;38303233
339;11;CNH;FERNANDO;SILVA;04/09/2023;38303233
340;11;CNH;FERNANDO;SILVA;05/09/2023;38303233
341;11;CNH;FERNANDO;SILVA;06/09/2023;38303233
342;11;CNH;FERNANDO;SILVA;07/09/2023;38303233
343;11;CNH;FERNANDO;SILVA;08/09/2023;38303233
344;11;CNH;FERNANDO;SILVA;09/09/2023;38303233
345;11;CNH;FERNANDO;SILVA;10/09/2023;38303233
346;11;CNH;FERNANDO;SILVA;11/09/2023;38303233
347;11;CNH;FERNANDO;SILVA;12/09/2023;38303233
348;11;CNH;FERNANDO;SILVA;13/09/2023;38303233
349;11;CNH;FERNANDO;SILVA;14/09/2023;38303233
350;11;CNH;FERNANDO;SILVA;15/09/2023;38303233
351;11;CNH;FERNANDO;SILVA;16/09/2023;38303233
352;11;CNH;FERNANDO;SILVA;17/09/2023;38303233
353;11;CNH;FERNANDO;SILVA;18/09/2023;38303233
354;11;CNH;FERNANDO;SILVA;19/09/2023;38303233
355;11;CNH;FERNANDO;SILVA;20/09/2023;38303233
356;11;CNH;FERNANDO;SILVA;21/09/2023;38303233
357;11;CNH;FERNANDO;SILVA;22/09/2023;38303233
358;11;CNH;FERNANDO;SILVA;23/09/2023;38303233
359;11;CNH;FERNANDO;SILVA;24/09/2023;38303233
360;11;CNH;FERNANDO;SILVA;25/09/2023;38303233
361;11;CNH;FERNANDO;SILVA;26/09/2023;38303233
362;11;CNH;FERNANDO;SILVA;27/09/2023;38303233
363;11;CNH;FERNANDO;SILVA;28/09/2023;38303233
364;11;CNH;FERNANDO;SILVA;29/09/2023;38303233
365;11;CNH;FERNANDO;SILVA;30/09/2023;38303233
366;11;CNH;FERNANDO;SILVA;01/10/2023;38303233
367;11;CNH;FERNANDO;SILVA;02/10/2023;38303233
368;11;CNH;FERNANDO;SILVA;03/10/2023;38303233
369;11;CNH;FERNANDO;SILVA;04/10/2023;38303233
370;11;CNH;FERNANDO;SILVA;05/10/2023;38303233
371;11;CNH;FERNANDO;SILVA;06/10/2023;38303233
372;11;CNH;FERNANDO;SILVA;07/10/2023;38303233
373;11;CNH;FERNANDO;SILVA;08/10/2023;38303233
374;11;CNH;FERNANDO;SILVA;09/10/2023;38303233
375;11;CNH;FERNANDO;SILVA;10/10/2023;38303233
376;11;CNH;FERNANDO;SILVA;11/10/2023;38303233
377;11;CNH;FERNANDO;SILVA;12/10/2023;38303233
378;11;CNH;FERNANDO;SILVA;13/10/2023;38303233
379;11;CNH;FERNANDO;SILVA;14/10/2023;38303233
380;11;CNH;FERNANDO;SILVA;15/10/2023;38303233
381;11;CNH;FERNANDO;SILVA;16/10/2023;38303233
382;11;CNH;FERNANDO;SILVA;17/10/2023;38303233
383;11;CNH;FERNANDO;SILVA;18/10/2023;38303233
384;11;CNH;FERNANDO;SILVA;19/10/2023;38303233
385;11;CNH;FERNANDO;SILVA;20/10/2023;38303233
386;11;CNH;FERNANDO;SILVA;21/10/2023;38303233
387;11;CNH;FERNANDO;SILVA;22/10/2023;38303233
388;11;CNH;FERNANDO;SILVA;23/10/2023;38303233
389;11;CNH;FERNANDO;SILVA;24/10/2023;38303233
390;11;CNH;FERNANDO;SILVA;25/10/2023;38303233
391;11;CNH;FERNANDO;SILVA;26/10/2023;38303233
392;11;CNH;FERNANDO;SILVA;27/10/2023;38303233
393;11;CNH;FERNANDO;SILVA;28/10/2023;38303233
394;11;CNH;FERNANDO;SILVA;29/10/2023;38303233
395;11;CNH;FERNANDO;SILVA;30/10/2023;38303233
396;11;CNH;FERNANDO;SILVA;31/10/2023;38303233
397;11;CNH;FERNANDO;SILVA;01/11/2023;38303233
398;11;CNH;FERNANDO;SILVA;02/11/2023;38303233
399;11;CNH;FERNANDO;SILVA;03/11/2023;38303233
400;11;CNH;FERNANDO;SILVA;04/11/2023;38303233
401;11;CNH;FERNANDO;SILVA;05/11/2023;38303233
402;11;CNH;FERNANDO;SILVA;06/11/2023;38303233
403;11;CNH;FERNANDO;SILVA;07/11/2023;38303233
404;11;CNH;FERNANDO;SILVA;08/11/2023;38303233
405;11;CNH;FERNANDO;SILVA;09/11/2023;38303233
406;11;CNH;FERNANDO;SILVA;10/11/2023;38303233
407;11;CNH;FERNANDO;SILVA;11/11/2023;38303233
408;11;CNH;FERNANDO;SILVA;12/11/2023;38303233
409;11;CNH;FERNANDO;SILVA;13/11/2023;38303233
410;11;CNH;FERNANDO;SILVA;14/11/2023;38303233
411;11;CNH;FERNANDO;SILVA;15/11/2023;38303233
412;11;CNH;FERNANDO;SILVA;16/11/2023;38303233
413;11;CNH;FERNANDO;SILVA;17/11/2023;38303233
414;11;CNH;FERNANDO;SILVA;18/11/2023;38303233
415;11;CNH;FERNANDO;SILVA;19/11/2023;38303233
416;11;CNH;FERNANDO;SILVA;20/11/2023;38303233
417;11;CNH;FERNANDO;SILVA;21/11/2023;38303233
418;11;CNH;FERNANDO;SILVA;22/11/2023;38303233
419;11;CNH;FERNANDO;SILVA;23/11/2023;38303233
420;11;CNH;FERNANDO;SILVA;24/11/2023;38303233
421;11;CNH;FERNANDO;SILVA;25/11/2023;38303233
422;11;CNH;FERNANDO;SILVA;26/11/2023;38303233
423;11;CNH;FERNANDO;SILVA;27/11/2023;38303233
424;11;CNH;FERNANDO;SILVA;28/11/2023;38303233
425;11;CNH;FERNANDO;SILVA;29/11/2023;38303233
426;11;CNH;FERNANDO;SILVA;30/11/2023;38303233
427;11;CNH;FERNANDO;SILVA;01/12/2023;38303233
428;11;CNH;FERNANDO;SILVA;02/12/2023;38303233
429;11;CNH;FERNANDO;SILVA;03/12/2023;38303233
430;11;CNH;FERNANDO;SILVA;04/12/2023;38303233
431;11;CNH;FERNANDO;SILVA;05/12/2023;38303233
432;11;CNH;FERNANDO;SILVA;06/12/2023;38303233
433;11;CNH;FERNANDO;SILVA;07/12/2023;38303233
434;11;CNH;FERNANDO;SILVA;08/12/2023;38303233
435;11;CNH;FERNANDO;SILVA;09/12/2023;38303233
436;11;CNH;FERNANDO;SILVA;10/12/2023;38303233
437;11;CNH;FERNANDO;SILVA;11/12/2023;38303233
438;11;CNH;FERNANDO;SILVA;12/12/2023;38303233
439;11;CNH;FERNANDO;SILVA;13/12/2023;38303233
440;11;CNH;FERNANDO;SILVA;14/12/2023;38303233
441;11;CNH;FERNANDO;SILVA;15/12/2023;38303233
442;11;CNH;FERNANDO;SILVA;16/12/2023;38303233
443;11;CNH;FERNANDO;SILVA;17/12/2023;38303233
444;11;CNH;FERNANDO;SILVA;18/12/2023;38303233
445;11;CNH;FERNANDO;SILVA;19/12/2023;38303233
446;11;CNH;FERNANDO;SILVA;20/12/2023;38303233
447;11;CNH;FERNANDO;SILVA;21/12/2023;38303233
448;11;CNH;FERNANDO;SILVA;22/12/2023;38303233
449;11;CNH;FERNANDO;SILVA;23/12/2023;38303233
450;11;CNH;FERNANDO;SILVA;24/12/2023;38303233
451;11;CNH;FERNANDO;SILVA;25/12/2023;38303233
452;11;CNH;FERNANDO;SILVA;26/12/2023;38303233
453;11;CNH;FERNANDO;SILVA;27/12/2023;38303233
454;11;CNH;FERNANDO;SILVA;28/12/2023;38303233
455;11;CNH;FERNANDO;SILVA;29/12/2023;38303233
456;11;CNH;FERNANDO;SILVA;30/12/2023;38303233
457;11;CNH;FERNANDO;SILVA;31/12/2023;38303233
458;11;CNH;FERNANDO;SILVA;01/01/2024;38303233
459;11;CNH;FERNANDO;SILVA;02/01/2024;38303233
460;11;CNH;FERNANDO;SILVA;03/01/2024;38303233
461;11;CNH;FERNANDO;SILVA;04/01/2024;38303233
462;11;CNH;FERNANDO;SILVA;05/01/2024;38303233
463;11;CNH;FERNANDO;SILVA;06/01/2024;38303233
464;11;CNH;FERNANDO;SILVA;07/01/2024;38303233
465;11;CNH;FERNANDO;SILVA;08/01/2024;38303233
466;11;CNH;FERNANDO;SILVA;09/01/2024;38303233
467;11;CNH;FERNANDO;SILVA;10/01/2024;38303233
468;11;CNH;FERNANDO;SILVA;11/01/2024;38303233
469;11;CNH;FERNANDO;SILVA;12/01/2024;38303233
470;11;CNH;FERNANDO;SILVA;13/01/2024;38303233
471;11;CNH;FERNANDO;SILVA;14/01/2024;38303233
472;11;CNH;FERNANDO;SILVA;15/01/2024;38303233
473;11;CNH;FERNANDO;SILVA;16/01/2024;38303233
474;11;CNH;FERNANDO;SILVA;17/01/2024;38303233
475;11;CNH;FERNANDO;SILVA;18/01/2024;38303233
476;11;CNH;FERNANDO;SILVA;19/01/2024;38303233
477;11;CNH;FERNANDO;SILVA;20/01/2024;38303233
478;11;CNH;FERNANDO;SILVA;21/01/2024;38303233
479;11;CNH;FERNANDO;SILVA;22/01/2024;38303233
480;11;CNH;FERNANDO;SILVA;23/01/2024;38303233
481;11;CNH;FERNANDO;SILVA;24/01/2024;38303233
482;11;CNH;FERNANDO;SILVA;25/01/2024;38303233
483;11;CNH;FERNANDO;SILVA;26/01/2024;38303233
484;11;CNH;FERNANDO;SILVA;27/01/2024;38303233
485;11;CNH;FERNANDO;SILVA;28/01/2024;38303233
486;11;CNH;FERNANDO;SILVA;29/01/2024;38303233
487;11;CNH;FERNANDO;SILVA;30/01/2024;38303233
488;11;CNH;FERNANDO;SILVA;31/01/2024;38303233
489;11;CNH;FERNANDO;SILVA;01/02/2024;38303233
490;11;CNH;FERNANDO;SILVA;02/02/2024;38303233
491;11;CNH;FERNANDO;SILVA;03/02/2024;38303233
492;11;CNH;FERNANDO;SILVA;04/02/2024;38303233
493;11;CNH;FERNANDO;SILVA;05/02/2024;38303233
494;11;CNH;FERNANDO;SILVA;06/02/2024;38303233
495;11;CNH;FERNANDO;SILVA;07/02/2024;38303233
496;11;CNH;FERNANDO;SILVA;08/02/2024;38303233
497;11;CNH;FERNANDO;SILVA;09/02/2024;38303233
498;11;CNH;FERNANDO;SILVA;10/02/2024;38303233
499;11;CNH;FERNANDO;SILVA;11/02/2024;38303233
500;11;CNH;FERNANDO;SILVA;12/02/2024;38303233
501;11;CNH;FERNANDO;SILVA;13/02/2024;38303233
502;11;CNH;FERNANDO;SILVA;14/02/2024;38303233
503;11;CNH;FERNANDO;SILVA;15/02/2024;38303233
504;11;CNH;FERNANDO;SILVA;16/02/2024;38303233
505;11;CNH;FERNANDO;SILVA;17/02/2024;38303233
506;11;CNH;FERNANDO;SILVA;18/02/2024;38303233
507;11;CNH;FERNANDO;SILVA;19/02/2024;38303233
508;11;CNH;FERNANDO;SILVA;20/02/2024;38303233
509;11;CNH;FERNANDO;SILVA;21/02/2024;38303233
510;11;CNH;FERNANDO;SILVA;22/02/2024;38303233
511;11;CNH;FERNANDO;SILVA;23/02/2024;38303233
512;11;CNH;FERNANDO;SILVA;24/02/2024;38303233
513;11;CNH;FERNANDO;SILVA;25/02/2024;38303233
514;11;CNH;FERNANDO;SILVA;26/02/2024;38303233
515;11;CNH;FERNANDO;SILVA;27/02/2024;38303233
516;11;CNH;FERNANDO;SILVA;28/02/2024;38303233
517;11;CNH;FERNANDO;SILVA;29/02/2024;38303233
518;11;CNH;FERNANDO;SILVA;01/03/2024;38303233
519;11;CNH;FERNANDO;SILVA;02/03/2024;38303233
520;11;CNH;FERNANDO;SILVA;03/03/2024;38303233
521;11;CNH;FERNANDO;SILVA;04/03/2024;38303233
522;11;CNH;FERNANDO;SILVA;05/03/2024;38303233
523;11;CNH;FERNANDO;SILVA;06/03/2024;38303233
524;11;CNH;FERNANDO;SILVA;07/03/2024;38303233
525;11;CNH;FERNANDO;SILVA;08/03/2024;38303233
526;11;CNH;FERNANDO;SILVA;09/03/2024;38303233
527;11;CNH;FERNANDO;SILVA;10/03/2024;38303233
528;11;CNH;FERNANDO;SILVA;11/03/2024;38303233
529;11;CNH;FERNANDO;SILVA;12/03/2024;38303233
530;11;CNH;FERNANDO;SILVA;13/03/2024;38303233
531;11;CNH;FERNANDO;SILVA;14/03/2024;38303233
532;11;CNH;FERNANDO;SILVA;15/03/2024;38303233
533;11;CNH;FERNANDO;SILVA;16/03/2024;38303233
534;11;CNH;FERNANDO;SILVA;17/03/2024;38303233
535;11;CNH;FERNANDO;SILVA;18/03/2024;38303233
536;11;CNH;FERNANDO;SILVA;19/03/2024;38303233
537;11;CNH;FERNANDO;SILVA;20/03/2024;38303233
538;11;CNH;FERNANDO;SILVA;21/03/2024;38303233
539;11;CNH;FERNANDO;SILVA;22/03/2024;38303233
540;11;CNH;FERNANDO;SILVA;23/03/2024;38303233
541;11;CNH;FERNANDO;SILVA;24/03/2024;38303233
542;11;CNH;FERNANDO;SILVA;25/03/2024;38303233
543;11;CNH;FERNANDO;SILVA;26/03/2024;38303233
544;11;CNH;FERNANDO;SILVA;27/03/2024;38303233
545;11;CNH;FERNANDO;SILVA;28/03/2024;38303233
546;11;CNH;FERNANDO;SILVA;29/03/2024;38303233
547;11;CNH;FERNANDO;SILVA;30/03/2024;38303233
548;11;CNH;FERNANDO;SILVA;31/03/2024;38303233
549;11;CNH;FERNANDO;SILVA;01/04/2024;38303233
550;11;CNH;FERNANDO;SILVA;02/04/2024;38303233
551;11;CNH;FERNANDO;SILVA;03/04/2024;38303233
552;11;CNH;FERNANDO;SILVA;04/04/2024;38303233
553;11;CNH;FERNANDO;SILVA;05/04/2024;38303233
554;11;CNH;FERNANDO;SILVA;06/04/2024;38303233
555;11;CNH;FERNANDO;SILVA;07/04/2024;38303233
556;11;CNH;FERNANDO;SILVA;08/04/2024;38303233
557;11;CNH;FERNANDO;SILVA;09/04/2024;38303233
558;11;CNH;FERNANDO;SILVA;10/04/2024;38303233
559;11;CNH;FERNANDO;SILVA;11/04/2024;38303233
560;11;CNH;FERNANDO;SILVA;12/04/2024;38303233
561;11;CNH;FERNANDO;SILVA;13/04/2024;38303233
562;11;CNH;FERNANDO;SILVA;14/04/2024;38303233
563;11;CNH;FERNANDO;SILVA;15/04/2024;38303233
564;11;CNH;FERNANDO;SILVA;16/04/2024;38303233
565;11;CNH;FERNANDO;SILVA;17/04/2024;38303233
566;11;CNH;FERNANDO;SILVA;18/04/2024;38303233
567;11;CNH;FERNANDO;SILVA;19/04/2024;38303233
568;11;CNH;FERNANDO;SILVA;20/04/2024;38303233
569;11;CNH;FERNANDO;SILVA;21/04/2024;38303233
570;11;CNH;FERNANDO;SILVA;22/04/2024;38303233
571;11;CNH;FERNANDO;SILVA;23/04/2024;38303233
572;11;CNH;FERNANDO;SILVA;24/04/2024;38303233
573;11;CNH;FERNANDO;SILVA;25/04/2024;38303233
574;11;CNH;FERNANDO;SILVA;26/04/2024;38303233
575;11;CNH;FERNANDO;SILVA;27/04/2024;38303233
576;11;CNH;FERNANDO;SILVA;28/04/2024;38303233
577;11;CNH;FERNANDO;SILVA;29/04/2024;38303233
578;11;CNH;FERNANDO;SILVA;30/04/2024;38303233
579;11;CNH;FERNANDO;SILVA;01/05/2024;38303233
580;11;CNH;FERNANDO;SILVA;02/05/2024;38303233
581;11;CNH;FERNANDO;SILVA;03/05/2024;38303233
582;11;CNH;FERNANDO;SILVA;04/05/2024;38303233
583;11;CNH;FERNANDO;SILVA;05/05/2024;38303233
584;11;CNH;FERNANDO;SILVA;06/05/2024;38303233
585;11;CNH;FERNANDO;SILVA;07/05/2024;38303233
586;11;CNH;FERNANDO;SILVA;08/05/2024;38303233
587;11;CNH;FERNANDO;SILVA;09/05/2024;38303233
588;11;CNH;FERNANDO;SILVA;10/05/2024;38303233
589;11;CNH;FERNANDO;SILVA;11/05/2024;38303233
590;11;CNH;FERNANDO;SILVA;12/05/2024;38303233
591;11;CNH;FERNANDO;SILVA;13/05/2024;38303233
592;11;CNH;FERNANDO;SILVA;14/05/2024;38303233
593;11;CNH;FERNANDO;SILVA;15/05/2024;38303233
594;11;CNH;FERNANDO;SILVA;16/05/2024;38303233
595;11;CNH;FERNANDO;SILVA;17/05/2024;38303233
596;11;CNH;FERNANDO;SILVA;18/05/2024;38303233
597;11;CNH;FERNANDO;SILVA;19/05/2024;38303233
598;11;CNH;FERNANDO;SILVA;20/05/2024;38303233
599;11;CNH;FERNANDO;SILVA;21/05/2024;38303233
600;11;CNH;FERNANDO;SILVA;22/05/2024;38303233
601;11;CNH;FERNANDO;SILVA;23/05/2024;38303233
602;11;CNH;FERNANDO;SILVA;24/05/2024;38303233
603;11;CNH;FERNANDO;SILVA;25/05/2024;38303233
604;11;CNH;FERNANDO;SILVA;26/05/2024;38303233
605;11;CNH;FERNANDO;SILVA;27/05/2024;38303233
606;11;CNH;FERNANDO;SILVA;28/05/2024;38303233
607;11;CNH;FERNANDO;SILVA;29/05/2024;38303233
608;11;CNH;FERNANDO;SILVA;30/05/2024;38303233
609;11;CNH;FERNANDO;SILVA;31/05/2024;38303233
610;11;CNH;FERNANDO;SILVA;01/06/2024;38303233
611;11;CNH;FERNANDO;SILVA;02/06/2024;38303233
612;11;CNH;FERNANDO;SILVA;03/06/2024;38303233
613;11;CNH;FERNANDO;SILVA;04/06/2024;38303233
614;11;CNH;FERNANDO;SILVA;05/06/2024;38303233
615;11;CNH;FERNANDO;SILVA;06/06/2024;38303233
616;11;CNH;FERNANDO;SILVA;07/06/2024;38303233
617;11;CNH;FERNANDO;SILVA;08/06/2024;38303233
618;11;CNH;FERNANDO;SILVA;09/06/2024;38303233
619;11;CNH;FERNANDO;SILVA;10/06/2024;38303233
620;11;CNH;FERNANDO;SILVA;11/06/2024;38303233
621;11;CNH;FERNANDO;SILVA;12/06/2024;38303233
622;11;CNH;FERNANDO;SILVA;13/06/2024;38303233
623;11;CNH;FERNANDO;SILVA;14/06/2024;38303233
624;11;CNH;FERNANDO;SILVA;15/06/2024;38303233
625;11;CNH;FERNANDO;SILVA;16/06/2024;38303233
626;11;CNH;FERNANDO;SILVA;17/06/2024;38303233
627;11;CNH;FERNANDO;SILVA;18/06/2024;38303233
628;11;CNH;FERNANDO;SILVA;19/06/2024;38303233
629;11;CNH;FERNANDO;SILVA;20/06/2024;38303233
630;11;CNH;FERNANDO;SILVA;21/06/2024;38303233
631;11;CNH;FERNANDO;SILVA;22/06/2024;38303233
632;11;CNH;FERNANDO;SILVA;23/06/2024;38303233
633;11;CNH;FERNANDO;SILVA;24/06/2024;38303233
634;11;CNH;FERNANDO;SILVA;25/06/2024;38303233
635;11;CNH;FERNANDO;SILVA;26/06/2024;38303233
636;11;CNH;FERNANDO;SILVA;27/06/2024;38303233
637;11;CNH;FERNANDO;SILVA;28/06/2024;38303233
638;11;CNH;FERNANDO;SILVA;29/06/2024;38303233
639;11;CNH;FERNANDO;SILVA;30/06/2024;38303233
640;11;CNH;FERNANDO;SILVA;01/07/2024;38303233
641;11;CNH;FERNANDO;SILVA;02/07/2024;38303233
642;11;CNH;FERNANDO;SILVA;03/07/2024;38303233
643;11;CNH;FERNANDO;SILVA;04/07/2024;38303233
644;11;CNH;FERNANDO;SILVA;05/07/2024;38303233
645;11;CNH;FERNANDO;SILVA;06/07/2024;38303233
646;11;CNH;FERNANDO;SILVA;07/07/2024;38303233
647;11;CNH;FERNANDO;SILVA;08/07/2024;38303233
648;11;CNH;FERNANDO;SILVA;09/07/2024;38303233
649;11;CNH;FERNANDO;SILVA;10/07/2024;38303233
650;11;CNH;FERNANDO;SILVA;11/07/2024;38303233
651;11;CNH;FERNANDO;SILVA;12/07/2024;38303233
652;11;CNH;FERNANDO;SILVA;13/07/2024;38303233
653;11;CNH;FERNANDO;SILVA;14/07/2024;38303233
654;11;CNH;FERNANDO;SILVA;15/07/2024;38303233
655;11;CNH;FERNANDO;SILVA;16/07/2024;38303233
656;11;CNH;FERNANDO;SILVA;17/07/2024;38303233
657;11;CNH;FERNANDO;SILVA;18/07/2024;38303233
658;11;CNH;FERNANDO;SILVA;19/07/2024;38303233
659;11;CNH;FERNANDO;SILVA;20/07/2024;38303233
660;11;CNH;FERNANDO;SILVA;21/07/2024;38303233
661;11;CNH;FERNANDO;SILVA;22/07/2024;38303233
662;11;CNH;FERNANDO;SILVA;23/07/2024;38303233
663;11;CNH;FERNANDO;SILVA;24/07/2024;38303233
664;11;CNH;FERNANDO;SILVA;25/07/2024;38303233
665;11;CNH;FERNANDO;SILVA;26/07/2024;38303233
666;11;CNH;FERNANDO;SILVA;27/07/2024;38303233
667;11;CNH;FERNANDO;SILVA;28/07/2024;38303233
668;11;CNH;FERNANDO;SILVA;29/07/2024;38303233
669;11;CNH;FERNANDO;SILVA;30/07/2024;38303233
670;11;CNH;FERNANDO;SILVA;31/07/2024;38303233
671;11;CNH;FERNANDO;SILVA;01/08/2024;38303233
672;11;CNH;FERNANDO;SILVA;02/08/2024;38303233
673;11;CNH;FERNANDO;SILVA;03/08/2024;38303233
674;11;CNH;FERNANDO;SILVA;04/08/2024;38303233
675;11;CNH;FERNANDO;SILVA;05/08/2024;38303233
676;11;CNH;FERNANDO;SILVA;06/08/2024;38303233
677;11;CNH;FERNANDO;SILVA;07/08/2024;38303233
678;11;CNH;FERNANDO;SILVA;08/08/2024;38303233
679;11;CNH;FERNANDO;SILVA;09/08/2024;38303233
680;11;CNH;FERNANDO;SILVA;10/08/2024;38303233
681;11;CNH;FERNANDO;SILVA;11/08/2024;38303233
682;11;CNH;FERNANDO;SILVA;12/08/2024;38303233
683;11;CNH;FERNANDO;SILVA;13/08/2024;38303233
684;11;CNH;FERNANDO;SILVA;14/08/2024;38303233
685;11;CNH;FERNANDO;SILVA;15/08/2024;38303233
686;11;CNH;FERNANDO;SILVA;16/08/2024;38303233
687;11;CNH;FERNANDO;SILVA;17/08/2024;38303233
688;11;CNH;FERNANDO;SILVA;18/08/2024;38303233
689;11;CNH;FERNANDO;SILVA;19/08/2024;38303233
690;11;CNH;FERNANDO;SILVA;20/08/2024;38303233
691;11;CNH;FERNANDO;SILVA;21/08/2024;38303233
692;11;CNH;FERNANDO;SILVA;22/08/2024;38303233
693;11;CNH;FERNANDO;SILVA;23/08/2024;38303233
694;11;CNH;FERNANDO;SILVA;24/08/2024;38303233
695;11;CNH;FERNANDO;SILVA;25/08/2024;38303233
696;11;CNH;FERNANDO;SILVA;26/08/2024;38303233
697;11;CNH;FERNANDO;SILVA;27/08/2024;38303233
698;11;CNH;FERNANDO;SILVA;28/08/2024;38303233
699;11;CNH;FERNANDO;SILVA;29/08/2024;38303233
700;11;CNH;FERNANDO;SILVA;30/08/2024;38303233
701;11;CNH;FERNANDO;SILVA;31/08/2024;38303233
702;11;CNH;FERNANDO;SILVA;01/09/2024;38303233
703;11;CNH;FERNANDO;SILVA;02/09/2024;38303233
704;11;CNH;FERNANDO;SILVA;03/09/2024;38303233
705;11;CNH;FERNANDO;SILVA;04/09/2024;38303233
706;11;CNH;FERNANDO;SILVA;05/09/2024;38303233
707;11;CNH;FERNANDO;SILVA;06/09/2024;38303233
708;11;CNH;FERNANDO;SILVA;07/09/2024;38303233
709;11;CNH;FERNANDO;SILVA;08/09/2024;38303233
710;11;CNH;FERNANDO;SILVA;09/09/2024;38303233
711;11;CNH;FERNANDO;SILVA;10/09/2024;38303233
712;11;CNH;FERNANDO;SILVA;11/09/2024;38303233
713;11;CNH;FERNANDO;SILVA;12/09/2024;38303233
714;11;CNH;FERNANDO;SILVA;13/09/2024;38303233
715;11;CNH;FERNANDO;SILVA;14/09/2024;38303233
716;11;CNH;FERNANDO;SILVA;15/09/2024;38303233
717;11;CNH;FERNANDO;SILVA;16/09/2024;38303233
718;11;CNH;FERNANDO;SILVA;17/09/2024;38303233
719;11;CNH;FERNANDO;SILVA;18/09/2024;38303233
720;11;CNH;FERNANDO;SILVA;19/09/2024;38303233
721;11;CNH;FERNANDO;SILVA;20/09/2024;38303233
722;11;CNH;FERNANDO;SILVA;21/09/2024;38303233
723;11;CNH;FERNANDO;SILVA;22/09/2024;38303233
724;11;CNH;FERNANDO;SILVA;23/09/2024;38303233
725;11;CNH;FERNANDO;SILVA;24/09/2024;38303233
726;11;CNH;FERNANDO;SILVA;25/09/2024;38303233
727;11;CNH;FERNANDO;SILVA;26/09/2024;38303233
728;11;CNH;FERNANDO;SILVA;27/09/2024;38303233
729;11;CNH;FERNANDO;SILVA;28/09/2024;38303233
730;11;CNH;FERNANDO;SILVA;29/09/2024;38303233
731;11;CNH;FERNANDO;SILVA;30/09/2024;38303233
732;11;CNH;FERNANDO;SILVA;01/10/2024;38303233
733;11;CNH;FERNANDO;SILVA;02/10/2024;38303233
734;11;CNH;FERNANDO;SILVA;03/10/2024;38303233
735;11;CNH;FERNANDO;SILVA;04/10/2024;38303233
736;11;CNH;FERNANDO;SILVA;05/10/2024;38303233
737;11;CNH;FERNANDO;SILVA;06/10/2024;38303233
738;11;CNH;FERNANDO;SILVA;07/10/2024;38303233
739;11;CNH;FERNANDO;SILVA;08/10/2024;38303233
740;11;CNH;FERNANDO;SILVA;09/10/2024;38303233
741;11;CNH;FERNANDO;SILVA;10/10/2024;38303233
742;11;CNH;FERNANDO;SILVA;11/10/2024;38303233
743;11;CNH;FERNANDO;SILVA;12/10/2024;38303233
744;11;CNH;FERNANDO;SILVA;13/10/2024;38303233
745;11;CNH;FERNANDO;SILVA;14/10/2024;38303233
746;11;CNH;FERNANDO;SILVA;15/10/2024;38303233
747;11;CNH;FERNANDO;SILVA;16/10/2024;38303233
748;11;CNH;FERNANDO;SILVA;17/10/2024;38303233
749;11;CNH;FERNANDO;SILVA;18/10/2024;38303233
750;11;CNH;FERNANDO;SILVA;19/10/2024;38303233
751;11;CNH;FERNANDO;SILVA;20/10/2024;38303233
752;11;CNH;FERNANDO;SILVA;21/10/2024;38303233
753;11;CNH;FERNANDO;SILVA;22/10/2024;38303233
754;11;CNH;FERNANDO;SILVA;23/10/2024;38303233
755;11;CNH;FERNANDO;SILVA;24/10/2024;38303233
756;11;CNH;FERNANDO;SILVA;25/10/2024;38303233
757;11;CNH;FERNANDO;SILVA;26/10/2024;38303233
758;11;CNH;FERNANDO;SILVA;27/10/2024;38303233
759;11;CNH;FERNANDO;SILVA;28/10/2024;38303233
760;11;CNH;FERNANDO;SILVA;29/10/2024;38303233
761;11;CNH;FERNANDO;SILVA;30/10/2024;38303233
762;11;CNH;FERNANDO;SILVA;31/10/2024;38303233
763;11;CNH;FERNANDO;SILVA;01/11/2024;38303233
764;11;CNH;FERNANDO;SILVA;02/11/2024;38303233
765;11;CNH;FERNANDO;SILVA;03/11/2024;38303233
766;11;CNH;FERNANDO;SILVA;04/11/2024;38303233
767;11;CNH;FERNANDO;SILVA;05/11/2024;38303233
768;11;CNH;FERNANDO;SILVA;06/11/2024;38303233
769;11;CNH;FERNANDO;SILVA;07/11/2024;38303233
770;11;CNH;FERNANDO;SILVA;08/11/2024;38303233
771;11;CNH;FERNANDO;SILVA;09/11/2024;38303233
772;11;CNH;FERNANDO;SILVA;10/11/2024;38303233
773;11;CNH;FERNANDO;SILVA;11/11/2024;38303233
774;11;CNH;FERNANDO;SILVA;12/11/2024;38303233
775;11;CNH;FERNANDO;SILVA;13/11/2024;38303233
776;11;CNH;FERNANDO;SILVA;14/11/2024;38303233
777;11;CNH;FERNANDO;SILVA;15/11/2024;38303233
778;11;CNH;FERNANDO;SILVA;16/11/2024;38303233
779;11;CNH;FERNANDO;SILVA;17/11/2024;38303233
780;11;CNH;FERNANDO;SILVA;18/11/2024;38303233
781;11;CNH;FERNANDO;SILVA;19/11/2024;38303233
782;11;CNH;FERNANDO;SILVA;20/11/2024;38303233
783;11;CNH;FERNANDO;SILVA;21/11/2024;38303233
784;11;CNH;FERNANDO;SILVA;22/11/2024;38303233
785;11;CNH;FERNANDO;SILVA;23/11/2024;38303233
786;11;CNH;FERNANDO;SILVA;24/11/2024;38303233
787;11;CNH;FERNANDO;SILVA;25/11/2024;38303233
788;11;CNH;FERNANDO;SILVA;26/11/2024;38303233
789;11;CNH;FERNANDO;SILVA;27/11/2024;38303233
790;11;CNH;FERNANDO;SILVA;28/11/2024;38303233
791;11;CNH;FERNANDO;SILVA;29/11/2024;38303233
792;11;CNH;FERNANDO;SILVA;30/11/2024;38303233
793;11;CNH;FERNANDO;SILVA;01/12/2024;38303233
794;11;CNH;FERNANDO;SILVA;02/12/2024;38303233
795;11;CNH;FERNANDO;SILVA;03/12/2024;38303233
796;11;CNH;FERNANDO;SILVA;04/12/2024;38303233
797;11;CNH;FERNANDO;SILVA;05/12/2024;38303233
798;11;CNH;FERNANDO;SILVA;06/12/2024;38303233
799;11;CNH;FERNANDO;SILVA;07/12/2024;38303233
800;11;CNH;FERNANDO;SILVA;08/12/2024;38303233
801;11;CNH;FERNANDO;SILVA;09/12/2024;38303233
802;11;CNH;FERNANDO;SILVA;10/12/2024;38303233
803;11;CNH;FERNANDO;SILVA;11/12/2024;38303233
804;11;CNH;FERNANDO;SILVA;12/12/2024;38303233
805;11;CNH;FERNANDO;SILVA;13/12/2024;38303233
806;11;CNH;FERNANDO;SILVA;14/12/2024;38303233
807;11;CNH;FERNANDO;SILVA;15/12/2024;38303233
808;11;CNH;FERNANDO;SILVA;16/12/2024;38303233
809;11;CNH;FERNANDO;SILVA;17/12/2024;38303233
810;11;CNH;FERNANDO;SILVA;18/12/2024;38303233
811;11;CNH;FERNANDO;SILVA;19/12/2024;38303233
812;11;CNH;FERNANDO;SILVA;20/12/2024;38303233
813;11;CNH;FERNANDO;SILVA;21/12/2024;38303233
814;11;CNH;FERNANDO;SILVA;22/12/2024;38303233
815;11;CNH;FERNANDO;SILVA;23/12/2024;38303233
816;11;CNH;FERNANDO;SILVA;24/12/2024;38303233
817;11;CNH;FERNANDO;SILVA;25/12/2024;38303233
818;11;CNH;FERNANDO;SILVA;26/12/2024;38303233
819;11;CNH;FERNANDO;SILVA;27/12/2024;38303233
820;11;CNH;FERNANDO;SILVA;28/12/2024;38303233
821;11;CNH;FERNANDO;SILVA;29/12/2024;38303233
822;11;CNH;FERNANDO;SILVA;30/12/2024;38303233
823;11;CNH;FERNANDO;SILVA;31/12/2024;38303233
824;11;CNH;FERNANDO;SILVA;01/01/2025;38303233
825;11;CNH;FERNANDO;SILVA;02/01/2025;38303233
826;11;CNH;FERNANDO;SILVA;03/01/2025;38303233
827;11;CNH;FERNANDO;SILVA;04/01/2025;38303233
828;11;CNH;FERNANDO;SILVA;05/01/2025;38303233
829;11;CNH;FERNANDO;SILVA;06/01/2025;38303233
830;11;CNH;FERNANDO;SILVA;07/01/2025;38303233
831;11;CNH;FERNANDO;SILVA;08/01/2025;38303233
832;11;CNH;FERNANDO;SILVA;09/01/2025;38303233
833;11;CNH;FERNANDO;SILVA;10/01/2025;38303233
834;11;CNH;FERNANDO;SILVA;11/01/2025;38303233
835;11;CNH;FERNANDO;SILVA;12/01/2025;38303233
836;11;CNH;FERNANDO;SILVA;13/01/2025;38303233
837;11;CNH;FERNANDO;SILVA;14/01/2025;38303233
838;11;CNH;FERNANDO;SILVA;15/01/2025;38303233
839;11;CNH;FERNANDO;SILVA;16/01/2025;38303233
840;11;CNH;FERNANDO;SILVA;17/01/2025;38303233
841;11;CNH;FERNANDO;SILVA;18/01/2025;38303233
842;11;CNH;FERNANDO;SILVA;19/01/2025;38303233
843;11;CNH;FERNANDO;SILVA;20/01/2025;38303233
844;11;CNH;FERNANDO;SILVA;21/01/2025;38303233
845;11;CNH;FERNANDO;SILVA;22/01/2025;38303233
846;11;CNH;FERNANDO;SILVA;23/01/2025;38303233
847;11;CNH;FERNANDO;SILVA;24/01/2025;38303233
848;11;CNH;FERNANDO;SILVA;25/01/2025;38303233
849;11;CNH;FERNANDO;SILVA;26/01/2025;38303233
850;11;CNH;FERNANDO;SILVA;27/01/2025;38303233
851;11;CNH;FERNANDO;SILVA;28/01/2025;38303233
852;11;CNH;FERNANDO;SILVA;29/01/2025;38303233
853;11;CNH;FERNANDO;SILVA;30/01/2025;38303233
854;11;CNH;FERNANDO;SILVA;31/01/2025;38303233
855;11;CNH;FERNANDO;SILVA;01/02/2025;38303233
856;11;CNH;FERNANDO;SILVA;02/02/2025;38303233
857;11;CNH;FERNANDO;SILVA;03/02/2025;38303233
858;11;CNH;FERNANDO;SILVA;04/02/2025;38303233
859;11;CNH;FERNANDO;SILVA;05/02/2025;38303233
860;11;CNH;FERNANDO;SILVA;06/02/2025;38303233
861;11;CNH;FERNANDO;SILVA;07/02/2025;38303233
862;11;CNH;FERNANDO;SILVA;08/02/2025;38303233
863;11;CNH;FERNANDO;SILVA;09/02/2025;38303233
864;11;CNH;FERNANDO;SILVA;10/02/2025;38303233
865;11;CNH;FERNANDO;SILVA;11/02/2025;38303233
866;11;CNH;FERNANDO;SILVA;12/02/2025;38303233
867;11;CNH;FERNANDO;SILVA;13/02/2025;38303233
868;11;CNH;FERNANDO;SILVA;14/02/2025;38303233
869;11;CNH;FERNANDO;SILVA;15/02/2025;38303233
870;11;CNH;FERNANDO;SILVA;16/02/2025;38303233
871;11;CNH;FERNANDO;SILVA;17/02/2025;38303233
872;11;CNH;FERNANDO;SILVA;18/02/2025;38303233
873;11;CNH;FERNANDO;SILVA;19/02/2025;38303233
874;11;CNH;FERNANDO;SILVA;20/02/2025;38303233
875;11;CNH;FERNANDO;SILVA;21/02/2025;38303233
876;11;CNH;FERNANDO;SILVA;22/02/2025;38303233
877;11;CNH;FERNANDO;SILVA;23/02/2025;38303233
878;11;CNH;FERNANDO;SILVA;24/02/2025;38303233
879;11;CNH;FERNANDO;SILVA;25/02/2025;38303233
880;11;CNH;FERNANDO;SILVA;26/02/2025;38303233
881;11;CNH;FERNANDO;SILVA;27/02/2025;38303233
882;11;CNH;FERNANDO;SILVA;28/02/2025;38303233
883;11;CNH;FERNANDO;SILVA;01/03/2025;38303233
884;11;CNH;FERNANDO;SILVA;02/03/2025;38303233
885;11;CNH;FERNANDO;SILVA;03/03/2025;38303233
886;11;CNH;FERNANDO;SILVA;04/03/2025;38303233
887;11;CNH;FERNANDO;SILVA;05/03/2025;38303233
888;11;CNH;FERNANDO;SILVA;06/03/2025;38303233
889;11;CNH;FERNANDO;SILVA;07/03/2025;38303233
890;11;CNH;FERNANDO;SILVA;08/03/2025;38303233
891;11;CNH;FERNANDO;SILVA;09/03/2025;38303233
892;11;CNH;FERNANDO;SILVA;10/03/2025;38303233
893;11;CNH;FERNANDO;SILVA;11/03/2025;38303233
894;11;CNH;FERNANDO;SILVA;12/03/2025;38303233
895;11;CNH;FERNANDO;SILVA;13/03/2025;38303233
896;11;CNH;FERNANDO;SILVA;14/03/2025;38303233
897;11;CNH;FERNANDO;SILVA;15/03/2025;38303233
898;11;CNH;FERNANDO;SILVA;16/03/2025;38303233
899;11;CNH;FERNANDO;SILVA;17/03/2025;38303233
900;11;CNH;FERNANDO;SILVA;18/03/2025;38303233
901;11;CNH;FERNANDO;SILVA;19/03/2025;38303233
902;11;CNH;FERNANDO;SILVA;20/03/2025;38303233
903;11;CNH;FERNANDO;SILVA;21/03/2025;38303233
904;11;CNH;FERNANDO;SILVA;22/03/2025;38303233
905;11;CNH;FERNANDO;SILVA;23/03/2025;38303233
906;11;CNH;FERNANDO;SILVA;24/03/2025;38303233
907;11;CNH;FERNANDO;SILVA;25/03/2025;38303233
908;11;CNH;FERNANDO;SILVA;26/03/2025;38303233
909;11;CNH;FERNANDO;SILVA;27/03/2025;38303233
910;11;CNH;FERNANDO;SILVA;28/03/2025;38303233
911;11;CNH;FERNANDO;SILVA;29/03/2025;38303233
912;11;CNH;FERNANDO;SILVA;30/03/2025;38303233
913;11;CNH;FERNANDO;SILVA;31/03/2025;38303233
914;11;CNH;FERNANDO;SILVA;01/04/2025;38303233
915;11;CNH;FERNANDO;SILVA;02/04/2025;38303233
916;11;CNH;FERNANDO;SILVA;03/04/2025;38303233
917;11;CNH;FERNANDO;SILVA;04/04/2025;38303233
918;11;CNH;FERNANDO;SILVA;05/04/2025;38303233
919;11;CNH;FERNANDO;SILVA;06/04/2025;38303233
920;11;CNH;FERNANDO;SILVA;07/04/2025;38303233
921;11;CNH;FERNANDO;SILVA;08/04/2025;38303233
922;11;CNH;FERNANDO;SILVA;09/04/2025;38303233
923;11;CNH;FERNANDO;SILVA;10/04/2025;38303233
924;11;CNH;FERNANDO;SILVA;11/04/2025;38303233
925;11;CNH;FERNANDO;SILVA;12/04/2025;38303233
926;11;CNH;FERNANDO;SILVA;13/04/2025;38303233
927;11;CNH;FERNANDO;SILVA;14/04/2025;38303233
928;11;CNH;FERNANDO;SILVA;15/04/2025;38303233
929;11;CNH;FERNANDO;SILVA;16/04/2025;38303233
930;11;CNH;FERNANDO;SILVA;17/04/2025;38303233
931;11;CNH;FERNANDO;SILVA;18/04/2025;38303233
932;11;CNH;FERNANDO;SILVA;19/04/2025;38303233
933;11;CNH;FERNANDO;SILVA;20/04/2025;38303233
934;11;CNH;FERNANDO;SILVA;21/04/2025;38303233
935;11;CNH;FERNANDO;SILVA;22/04/2025;38303233
936;11;CNH;FERNANDO;SILVA;23/04/2025;38303233
937;11;CNH;FERNANDO;SILVA;24/04/2025;38303233
938;11;CNH;FERNANDO;SILVA;25/04/2025;38303233
939;11;CNH;FERNANDO;SILVA;26/04/2025;38303233
940;11;CNH;FERNANDO;SILVA;27/04/2025;38303233
941;11;CNH;FERNANDO;SILVA;28/04/2025;38303233
942;11;CNH;FERNANDO;SILVA;29/04/2025;38303233
943;11;CNH;FERNANDO;SILVA;30/04/2025;38303233
944;11;CNH;FERNANDO;SILVA;01/05/2025;38303233
945;11;CNH;FERNANDO;SILVA;02/05/2025;38303233
946;11;CNH;FERNANDO;SILVA;03/05/2025;38303233
947;11;CNH;FERNANDO;SILVA;04/05/2025;38303233
948;11;CNH;FERNANDO;SILVA;05/05/2025;38303233
949;11;CNH;FERNANDO;SILVA;06/05/2025;38303233
950;11;CNH;FERNANDO;SILVA;07/05/2025;38303233
951;11;CNH;FERNANDO;SILVA;08/05/2025;38303233
952;11;CNH;FERNANDO;SILVA;09/05/2025;38303233
953;11;CNH;FERNANDO;SILVA;10/05/2025;38303233
954;11;CNH;FERNANDO;SILVA;11/05/2025;38303233
955;11;CNH;FERNANDO;SILVA;12/05/2025;38303233
956;11;CNH;FERNANDO;SILVA;13/05/2025;38303233
957;11;CNH;FERNANDO;SILVA;14/05/2025;38303233
958;11;CNH;FERNANDO;SILVA;15/05/2025;38303233
959;11;CNH;FERNANDO;SILVA;16/05/2025;38303233
960;11;CNH;FERNANDO;SILVA;17/05/2025;38303233
961;11;CNH;FERNANDO;SILVA;18/05/2025;38303233
962;11;CNH;FERNANDO;SILVA;19/05/2025;38303233
963;11;CNH;FERNANDO;SILVA;20/05/2025;38303233
964;11;CNH;FERNANDO;SILVA;21/05/2025;38303233
965;11;CNH;FERNANDO;SILVA;22/05/2025;38303233
966;11;CNH;FERNANDO;SILVA;23/05/2025;38303233
967;11;CNH;FERNANDO;SILVA;24/05/2025;38303233
968;11;CNH;FERNANDO;SILVA;25/05/2025;38303233
969;11;CNH;FERNANDO;SILVA;26/05/2025;38303233
970;11;CNH;FERNANDO;SILVA;27/05/2025;38303233
971;11;CNH;FERNANDO;SILVA;28/05/2025;38303233
972;11;CNH;FERNANDO;SILVA;29/05/2025;38303233
973;11;CNH;FERNANDO;SILVA;30/05/2025;38303233
974;11;CNH;FERNANDO;SILVA;31/05/2025;38303233
975;11;CNH;FERNANDO;SILVA;01/06/2025;38303233
976;11;CNH;FERNANDO;SILVA;02/06/2025;38303233
977;11;CNH;FERNANDO;SILVA;03/06/2025;38303233
978;11;CNH;FERNANDO;SILVA;04/06/2025;38303233
979;11;CNH;FERNANDO;SILVA;05/06/2025;38303233
980;11;CNH;FERNANDO;SILVA;06/06/2025;38303233
981;11;CNH;FERNANDO;SILVA;07/06/2025;38303233
982;11;CNH;FERNANDO;SILVA;08/06/2025;38303233
983;11;CNH;FERNANDO;SILVA;09/06/2025;38303233
984;11;CNH;FERNANDO;SILVA;10/06/2025;38303233
985;11;CNH;FERNANDO;SILVA;11/06/2025;38303233
986;11;CNH;FERNANDO;SILVA;12/06/2025;38303233
987;11;CNH;FERNANDO;SILVA;13/06/2025;38303233
988;11;CNH;FERNANDO;SILVA;14/06/2025;38303233
989;11;CNH;FERNANDO;SILVA;15/06/2025;38303233
990;11;CNH;FERNANDO;SILVA;16/06/2025;38303233
991;11;CNH;FERNANDO;SILVA;17/06/2025;38303233
992;11;CNH;FERNANDO;SILVA;18/06/2025;38303233
993;11;CNH;FERNANDO;SILVA;19/06/2025;38303233
994;11;CNH;FERNANDO;SILVA;20/06/2025;38303233
995;11;CNH;FERNANDO;SILVA;21/06/2025;38303233
996;11;CNH;FERNANDO;SILVA;22/06/2025;38303233
997;11;CNH;FERNANDO;SILVA;23/06/2025;38303233
998;11;CNH;FERNANDO;SILVA;24/06/2025;38303233
999;11;CNH;FERNANDO;SILVA;25/06/2025;38303233
1000;11;CNH;FERNANDO;SILVA;26/06/2025;38303233
1001;11;CNH;FERNANDO;SILVA;27/06/2025;38303233
1002;11;CNH;FERNANDO;SILVA;28/06/2025;38303233
1003;11;CNH;FERNANDO;SILVA;29/06/2025;38303233
1004;11;CNH;FERNANDO;SILVA;30/06/2025;38303233
1005;11;CNH;FERNANDO;SILVA;01/07/2025;38303233
1006;11;CNH;FERNANDO;SILVA;02/07/2025;38303233
1007;11;CNH;FERNANDO;SILVA;03/07/2025;38303233
1008;11;CNH;FERNANDO;SILVA;04/07/2025;38303233
1009;11;CNH;FERNANDO;SILVA;05/07/2025;38303233
1010;11;CNH;FERNANDO;SILVA;06/07/2025;38303233
1011;11;CNH;FERNANDO;SILVA;07/07/2025;38303233
1012;11;CNH;FERNANDO;SILVA;08/07/2025;38303233
1013;11;CNH;FERNANDO;SILVA;09/07/2025;38303233
1014;11;CNH;FERNANDO;SILVA;10/07/2025;38303233
1015;11;CNH;FERNANDO;SILVA;11/07/2025;38303233
1016;11;CNH;FERNANDO;SILVA;12/07/2025;38303233
1017;11;CNH;FERNANDO;SILVA;13/07/2025;38303233
1018;11;CNH;FERNANDO;SILVA;14/07/2025;38303233
1019;11;CNH;FERNANDO;SILVA;15/07/2025;38303233
1020;11;CNH;FERNANDO;SILVA;16/07/2025;38303233
1021;11;CNH;FERNANDO;SILVA;17/07/2025;38303233
1022;11;CNH;FERNANDO;SILVA;18/07/2025;38303233
1023;11;CNH;FERNANDO;SILVA;19/07/2025;38303233
1024;11;CNH;FERNANDO;SILVA;20/07/2025;38303233
1025;11;CNH;FERNANDO;SILVA;21/07/2025;38303233
1026;11;CNH;FERNANDO;SILVA;22/07/2025;38303233
1027;11;CNH;FERNANDO;SILVA;23/07/2025;38303233
1028;11;CNH;FERNANDO;SILVA;24/07/2025;38303233
1029;11;CNH;FERNANDO;SILVA;25/07/2025;38303233
1030;11;CNH;FERNANDO;SILVA;26/07/2025;38303233
1031;11;CNH;FERNANDO;SILVA;27/07/2025;38303233
1032;11;CNH;FERNANDO;SILVA;28/07/2025;38303233
1033;11;CNH;FERNANDO;SILVA;29/07/2025;38303233
1034;11;CNH;FERNANDO;SILVA;30/07/2025;38303233
1035;11;CNH;FERNANDO;SILVA;31/07/2025;38303233
1036;11;CNH;FERNANDO;SILVA;01/08/2025;38303233
1037;11;CNH;FERNANDO;SILVA;02/08/2025;38303233
1038;11;CNH;FERNANDO;SILVA;03/08/2025;38303233
1039;11;CNH;FERNANDO;SILVA;04/08/2025;38303233
1040;11;CNH;FERNANDO;SILVA;05/08/2025;38303233
1041;11;CNH;FERNANDO;SILVA;06/08/2025;38303233
1042;11;CNH;FERNANDO;SILVA;07/08/2025;38303233
1043;11;CNH;FERNANDO;SILVA;08/08/2025;38303233
1044;11;CNH;FERNANDO;SILVA;09/08/2025;38303233
1045;11;CNH;FERNANDO;SILVA;10/08/2025;38303233
1046;11;CNH;FERNANDO;SILVA;11/08/2025;38303233
1047;11;CNH;FERNANDO;SILVA;12/08/2025;38303233
1048;11;CNH;FERNANDO;SILVA;13/08/2025;38303233
1049;11;CNH;FERNANDO;SILVA;14/08/2025;38303233
1050;11;CNH;FERNANDO;SILVA;15/08/2025;38303233
1051;11;CNH;FERNANDO;SILVA;16/08/2025;38303233
1052;11;CNH;FERNANDO;SILVA;17/08/2025;38303233
1053;11;CNH;FERNANDO;SILVA;18/08/2025;38303233
1054;11;CNH;FERNANDO;SILVA;19/08/2025;38303233
1055;11;CNH;FERNANDO;SILVA;20/08/2025;38303233
1056;11;CNH;FERNANDO;SILVA;21/08/2025;38303233
1057;11;CNH;FERNANDO;SILVA;22/08/2025;38303233
1058;11;CNH;FERNANDO;SILVA;23/08/2025;38303233
1059;11;CNH;FERNANDO;SILVA;24/08/2025;38303233
1060;11;CNH;FERNANDO;SILVA;25/08/2025;38303233
1061;11;CNH;FERNANDO;SILVA;26/08/2025;38303233
1062;11;CNH;FERNANDO;SILVA;27/08/2025;38303233
1063;11;CNH;FERNANDO;SILVA;28/08/2025;38303233
1064;11;CNH;FERNANDO;SILVA;29/08/2025;38303233
1065;11;CNH;FERNANDO;SILVA;30/08/2025;38303233
1066;11;CNH;FERNANDO;SILVA;31/08/2025;38303233
1067;11;CNH;FERNANDO;SILVA;01/09/2025;38303233
1068;11;CNH;FERNANDO;SILVA;02/09/2025;38303233
1069;11;CNH;FERNANDO;SILVA;03/09/2025;38303233
1070;11;CNH;FERNANDO;SILVA;04/09/2025;38303233
1071;11;CNH;FERNANDO;SILVA;05/09/2025;38303233
1072;11;CNH;FERNANDO;SILVA;06/09/2025;38303233
1073;11;CNH;FERNANDO;SILVA;07/09/2025;38303233
1074;11;CNH;FERNANDO;SILVA;08/09/2025;38303233
1075;11;CNH;FERNANDO;SILVA;09/09/2025;38303233
1076;11;CNH;FERNANDO;SILVA;10/09/2025;38303233
1077;11;CNH;FERNANDO;SILVA;11/09/2025;38303233
1078;11;CNH;FERNANDO;SILVA;12/09/2025;38303233
1079;11;CNH;FERNANDO;SILVA;13/09/2025;38303233
1080;11;CNH;FERNANDO;SILVA;14/09/2025;38303233
1081;11;CNH;FERNANDO;SILVA;15/09/2025;38303233
1082;11;CNH;FERNANDO;SILVA;16/09/2025;38303233
1083;11;CNH;FERNANDO;SILVA;17/09/2025;38303233
1084;11;CNH;FERNANDO;SILVA;18/09/2025;38303233
1085;11;CNH;FERNANDO;SILVA;19/09/2025;38303233
1086;11;CNH;FERNANDO;SILVA;20/09/2025;38303233
1087;11;CNH;FERNANDO;SILVA;21/09/2025;38303233
1088;11;CNH;FERNANDO;SILVA;22/09/2025;38303233
1089;11;CNH;FERNANDO;SILVA;23/09/2025;38303233
1090;11;CNH;FERNANDO;SILVA;24/09/2025;38303233
1091;11;CNH;FERNANDO;SILVA;25/09/2025;38303233
1092;11;CNH;FERNANDO;SILVA;26/09/2025;38303233
1093;11;CNH;FERNANDO;SILVA;27/09/2025;38303233
1094;11;CNH;FERNANDO;SILVA;28/09/2025;38303233
1095;11;CNH;FERNANDO;SILVA;29/09/2025;38303233
1096;11;CNH;FERNANDO;SILVA;30/09/2025;38303233
1097;11;CNH;FERNANDO;SILVA;01/10/2025;38303233
1098;11;CNH;FERNANDO;SILVA;02/10/2025;38303233
1099;11;CNH;FERNANDO;SILVA;03/10/2025;38303233
1100;11;CNH;FERNANDO;SILVA;04/10/2025;38303233
1101;11;CNH;FERNANDO;SILVA;05/10/2025;38303233
1102;11;CNH;FERNANDO;SILVA;06/10/2025;38303233
1103;11;CNH;FERNANDO;SILVA;07/10/2025;38303233
1104;11;CNH;FERNANDO;SILVA;08/10/2025;38303233
1105;11;CNH;FERNANDO;SILVA;09/10/2025;38303233
1106;11;CNH;FERNANDO;SILVA;10/10/2025;38303233
1107;11;CNH;FERNANDO;SILVA;11/10/2025;38303233
1108;11;CNH;FERNANDO;SILVA;12/10/2025;38303233
1109;11;CNH;FERNANDO;SILVA;13/10/2025;38303233
1110;11;CNH;FERNANDO;SILVA;14/10/2025;38303233
1111;11;CNH;FERNANDO;SILVA;15/10/2025;38303233
1112;11;CNH;FERNANDO;SILVA;16/10/2025;38303233
1113;11;CNH;FERNANDO;SILVA;17/10/2025;38303233
1114;11;CNH;FERNANDO;SILVA;18/10/2025;38303233
1115;11;CNH;FERNANDO;SILVA;19/10/2025;38303233
1116;11;CNH;FERNANDO;SILVA;20/10/2025;38303233
1117;11;CNH;FERNANDO;SILVA;21/10/2025;38303233
1118;11;CNH;FERNANDO;SILVA;22/10/2025;38303233
1119;11;CNH;FERNANDO;SILVA;23/10/2025;38303233
1120;11;CNH;FERNANDO;SILVA;24/10/2025;38303233
1121;11;CNH;FERNANDO;SILVA;25/10/2025;38303233
1122;11;CNH;FERNANDO;SILVA;26/10/2025;38303233
1123;11;CNH;FERNANDO;SILVA;27/10/2025;38303233
1124;11;CNH;FERNANDO;SILVA;28/10/2025;38303233
1125;11;CNH;FERNANDO;SILVA;29/10/2025;38303233
1126;11;CNH;FERNANDO;SILVA;30/10/2025;38303233
1127;11;CNH;FERNANDO;SILVA;31/10/2025;38303233
1128;11;CNH;FERNANDO;SILVA;01/11/2025;38303233
1129;11;CNH;FERNANDO;SILVA;02/11/2025;38303233
1130;11;CNH;FERNANDO;SILVA;03/11/2025;38303233
1131;11;CNH;FERNANDO;SILVA;04/11/2025;38303233
1132;11;CNH;FERNANDO;SILVA;05/11/2025;38303233
1133;11;CNH;FERNANDO;SILVA;06/11/2025;38303233
1134;11;CNH;FERNANDO;SILVA;07/11/2025;38303233
1135;11;CNH;FERNANDO;SILVA;08/11/2025;38303233
1136;11;CNH;FERNANDO;SILVA;09/11/2025;38303233
1137;11;CNH;FERNANDO;SILVA;10/11/2025;38303233
1138;11;CNH;FERNANDO;SILVA;11/11/2025;38303233
1139;11;CNH;FERNANDO;SILVA;12/11/2025;38303233
1140;11;CNH;FERNANDO;SILVA;13/11/2025;38303233
1141;11;CNH;FERNANDO;SILVA;14/11/2025;38303233
1142;11;CNH;FERNANDO;SILVA;15/11/2025;38303233
1143;11;CNH;FERNANDO;SILVA;16/11/2025;38303233
1144;11;CNH;FERNANDO;SILVA;17/11/2025;38303233
1145;11;CNH;FERNANDO;SILVA;18/11/2025;38303233
1146;11;CNH;FERNANDO;SILVA;19/11/2025;38303233
1147;11;CNH;FERNANDO;SILVA;20/11/2025;38303233
1148;11;CNH;FERNANDO;SILVA;21/11/2025;38303233
1149;11;CNH;FERNANDO;SILVA;22/11/2025;38303233
1150;11;CNH;FERNANDO;SILVA;23/11/2025;38303233
1151;11;CNH;FERNANDO;SILVA;24/11/2025;38303233
1152;11;CNH;FERNANDO;SILVA;25/11/2025;38303233
1153;11;CNH;FERNANDO;SILVA;26/11/2025;38303233
1154;11;CNH;FERNANDO;SILVA;27/11/2025;38303233
1155;11;CNH;FERNANDO;SILVA;28/11/2025;38303233
1156;11;CNH;FERNANDO;SILVA;29/11/2025;38303233
1157;11;CNH;FERNANDO;SILVA;30/11/2025;38303233
1158;11;CNH;FERNANDO;SILVA;01/12/2025;38303233
1159;11;CNH;FERNANDO;SILVA;02/12/2025;38303233
1160;11;CNH;FERNANDO;SILVA;03/12/2025;38303233
1161;11;CNH;FERNANDO;SILVA;04/12/2025;38303233
1162;11;CNH;FERNANDO;SILVA;05/12/2025;38303233
1163;11;CNH;FERNANDO;SILVA;06/12/2025;38303233
1164;11;CNH;FERNANDO;SILVA;07/12/2025;38303233
1165;11;CNH;FERNANDO;SILVA;08/12/2025;38303233
1166;11;CNH;FERNANDO;SILVA;09/12/2025;38303233
1167;11;CNH;FERNANDO;SILVA;10/12/2025;38303233
1168;11;CNH;FERNANDO;SILVA;11/12/2025;38303233
1169;11;CNH;FERNANDO;SILVA;12/12/2025;38303233
1170;11;CNH;FERNANDO;SILVA;13/12/2025;38303233
1171;11;CNH;FERNANDO;SILVA;14/12/2025;38303233
1172;11;CNH;FERNANDO;SILVA;15/12/2025;38303233
1173;11;CNH;FERNANDO;SILVA;16/12/2025;38303233
1174;11;CNH;FERNANDO;SILVA;17/12/2025;38303233
1175;11;CNH;FERNANDO;SILVA;18/12/2025;38303233
1176;11;CNH;FERNANDO;SILVA;19/12/2025;38303233
1177;11;CNH;FERNANDO;SILVA;20/12/2025;38303233
1178;11;CNH;FERNANDO;SILVA;21/12/2025;38303233
1179;11;CNH;FERNANDO;SILVA;22/12/2025;38303233
1180;11;CNH;FERNANDO;SILVA;23/12/2025;38303233
1181;11;CNH;FERNANDO;SILVA;24/12/2025;38303233
1182;11;CNH;FERNANDO;SILVA;25/12/2025;38303233
1183;11;CNH;FERNANDO;SILVA;26/12/2025;38303233
1184;11;CNH;FERNANDO;SILVA;27/12/2025;38303233
1185;11;CNH;FERNANDO;SILVA;28/12/2025;38303233
1186;11;CNH;FERNANDO;SILVA;29/12/2025;38303233
1187;11;CNH;FERNANDO;SILVA;30/12/2025;38303233
1188;11;CNH;FERNANDO;SILVA;31/12/2025;38303233
1189;11;CNH;FERNANDO;SILVA;01/01/2026;38303233
1190;11;CNH;FERNANDO;SILVA;02/01/2026;38303233
1191;11;CNH;FERNANDO;SILVA;03/01/2026;38303233
1192;11;CNH;FERNANDO;SILVA;04/01/2026;38303233
1193;11;CNH;FERNANDO;SILVA;05/01/2026;38303233
1194;11;CNH;FERNANDO;SILVA;06/01/2026;38303233
1195;11;CNH;FERNANDO;SILVA;07/01/2026;38303233
1196;11;CNH;FERNANDO;SILVA;08/01/2026;38303233
1197;11;CNH;FERNANDO;SILVA;09/01/2026;38303233
1198;11;CNH;FERNANDO;SILVA;10/01/2026;38303233
1199;11;CNH;FERNANDO;SILVA;11/01/2026;38303233
1200;11;CNH;FERNANDO;SILVA;12/01/2026;38303233
1201;11;CNH;FERNANDO;SILVA;13/01/2026;38303233
1202;11;CNH;FERNANDO;SILVA;14/01/2026;38303233
1203;11;CNH;FERNANDO;SILVA;15/01/2026;38303233
1204;11;CNH;FERNANDO;SILVA;16/01/2026;38303233
1205;11;CNH;FERNANDO;SILVA;17/01/2026;38303233
1206;11;CNH;FERNANDO;SILVA;18/01/2026;38303233
1207;11;CNH;FERNANDO;SILVA;19/01/2026;38303233
1208;11;CNH;FERNANDO;SILVA;20/01/2026;38303233
1209;11;CNH;FERNANDO;SILVA;21/01/2026;38303233
1210;11;CNH;FERNANDO;SILVA;22/01/2026;38303233
1211;11;CNH;FERNANDO;SILVA;23/01/2026;38303233
1212;11;CNH;FERNANDO;SILVA;24/01/2026;38303233
1213;11;CNH;FERNANDO;SILVA;25/01/2026;38303233
1214;11;CNH;FERNANDO;SILVA;26/01/2026;38303233
1215;11;CNH;FERNANDO;SILVA;27/01/2026;38303233
1216;11;CNH;FERNANDO;SILVA;28/01/2026;38303233
1217;11;CNH;FERNANDO;SILVA;29/01/2026;38303233
1218;11;CNH;FERNANDO;SILVA;30/01/2026;38303233
1219;11;CNH;FERNANDO;SILVA;31/01/2026;38303233
1220;11;CNH;FERNANDO;SILVA;01/02/2026;38303233
1221;11;CNH;FERNANDO;SILVA;02/02/2026;38303233
1222;11;CNH;FERNANDO;SILVA;03/02/2026;38303233
1223;11;CNH;FERNANDO;SILVA;04/02/2026;38303233
1224;11;CNH;FERNANDO;SILVA;05/02/2026;38303233
1225;11;CNH;FERNANDO;SILVA;06/02/2026;38303233
1226;11;CNH;FERNANDO;SILVA;07/02/2026;38303233
1227;11;CNH;FERNANDO;SILVA;08/02/2026;38303233
1228;11;CNH;FERNANDO;SILVA;09/02/2026;38303233
1229;11;CNH;FERNANDO;SILVA;10/02/2026;38303233
1230;11;CNH;FERNANDO;SILVA;11/02/2026;38303233
1231;11;CNH;FERNANDO;SILVA;12/02/2026;38303233
1232;11;CNH;FERNANDO;SILVA;13/02/2026;38303233
1233;11;CNH;FERNANDO;SILVA;14/02/2026;38303233
1234;11;CNH;FERNANDO;SILVA;15/02/2026;38303233
1235;11;CNH;FERNANDO;SILVA;16/02/2026;38303233
1236;11;CNH;FERNANDO;SILVA;17/02/2026;38303233
1237;11;CNH;FERNANDO;SILVA;18/02/2026;38303233
1238;11;CNH;FERNANDO;SILVA;19/02/2026;38303233
1239;11;CNH;FERNANDO;SILVA;20/02/2026;38303233
1240;11;CNH;FERNANDO;SILVA;21/02/2026;38303233
1241;11;CNH;FERNANDO;SILVA;22/02/2026;38303233
1242;11;CNH;FERNANDO;SILVA;23/02/2026;38303233
1243;11;CNH;FERNANDO;SILVA;24/02/2026;38303233
1244;11;CNH;FERNANDO;SILVA;25/02/2026;38303233
1245;11;CNH;FERNANDO;SILVA;26/02/2026;38303233
1246;11;CNH;FERNANDO;SILVA;27/02/2026;38303233
1247;11;CNH;FERNANDO;SILVA;28/02/2026;38303233
1248;11;CNH;FERNANDO;SILVA;01/03/2026;38303233
1249;11;CNH;FERNANDO;SILVA;02/03/2026;38303233
1250;11;CNH;FERNANDO;SILVA;03/03/2026;38303233
1251;11;CNH;FERNANDO;SILVA;04/03/2026;38303233
1252;11;CNH;FERNANDO;SILVA;05/03/2026;38303233
1253;11;CNH;FERNANDO;SILVA;06/03/2026;38303233
1254;11;CNH;FERNANDO;SILVA;07/03/2026;38303233
1255;11;CNH;FERNANDO;SILVA;08/03/2026;38303233
1256;11;CNH;FERNANDO;SILVA;09/03/2026;38303233
1257;11;CNH;FERNANDO;SILVA;10/03/2026;38303233
1258;11;CNH;FERNANDO;SILVA;11/03/2026;38303233
1259;11;CNH;FERNANDO;SILVA;12/03/2026;38303233
1260;11;CNH;FERNANDO;SILVA;13/03/2026;38303233
1261;11;CNH;FERNANDO;SILVA;14/03/2026;38303233
1262;11;CNH;FERNANDO;SILVA;15/03/2026;38303233
1263;11;CNH;FERNANDO;SILVA;16/03/2026;38303233
1264;11;CNH;FERNANDO;SILVA;17/03/2026;38303233
1265;11;CNH;FERNANDO;SILVA;18/03/2026;38303233
1266;11;CNH;FERNANDO;SILVA;19/03/2026;38303233
1267;11;CNH;FERNANDO;SILVA;20/03/2026;38303233
1268;11;CNH;FERNANDO;SILVA;21/03/2026;38303233
1269;11;CNH;FERNANDO;SILVA;22/03/2026;38303233
1270;11;CNH;FERNANDO;SILVA;23/03/2026;38303233
1271;11;CNH;FERNANDO;SILVA;24/03/2026;38303233
1272;11;CNH;FERNANDO;SILVA;25/03/2026;38303233
1273;11;CNH;FERNANDO;SILVA;26/03/2026;38303233
1274;11;CNH;FERNANDO;SILVA;27/03/2026;38303233
1275;11;CNH;FERNANDO;SILVA;28/03/2026;38303233
1276;11;CNH;FERNANDO;SILVA;29/03/2026;38303233
1277;11;CNH;FERNANDO;SILVA;30/03/2026;38303233
1278;11;CNH;FERNANDO;SILVA;31/03/2026;38303233
1279;11;CNH;FERNANDO;SILVA;01/04/2026;38303233
1280;11;CNH;FERNANDO;SILVA;02/04/2026;38303233
1281;11;CNH;FERNANDO;SILVA;03/04/2026;38303233
1282;11;CNH;FERNANDO;SILVA;04/04/2026;38303233
1283;11;CNH;FERNANDO;SILVA;05/04/2026;38303233
1284;11;CNH;FERNANDO;SILVA;06/04/2026;38303233
1285;11;CNH;FERNANDO;SILVA;07/04/2026;38303233
1286;11;CNH;FERNANDO;SILVA;08/04/2026;38303233
1287;11;CNH;FERNANDO;SILVA;09/04/2026;38303233
1288;11;CNH;FERNANDO;SILVA;10/04/2026;38303233
1289;11;CNH;FERNANDO;SILVA;11/04/2026;38303233
1290;11;CNH;FERNANDO;SILVA;12/04/2026;38303233
1291;11;CNH;FERNANDO;SILVA;13/04/2026;38303233
1292;11;CNH;FERNANDO;SILVA;14/04/2026;38303233
1293;11;CNH;FERNANDO;SILVA;15/04/2026;38303233
1294;11;CNH;FERNANDO;SILVA;16/04/2026;38303233
1295;11;CNH;FERNANDO;SILVA;17/04/2026;38303233
1296;11;CNH;FERNANDO;SILVA;18/04/2026;38303233
1297;11;CNH;FERNANDO;SILVA;19/04/2026;38303233
1298;11;CNH;FERNANDO;SILVA;20/04/2026;38303233
1299;11;CNH;FERNANDO;SILVA;21/04/2026;38303233
1300;11;CNH;FERNANDO;SILVA;22/04/2026;38303233
1301;11;CNH;FERNANDO;SILVA;23/04/2026;38303233
1302;11;CNH;FERNANDO;SILVA;24/04/2026;38303233
1303;11;CNH;FERNANDO;SILVA;25/04/2026;38303233
1304;11;CNH;FERNANDO;SILVA;26/04/2026;38303233
1305;11;CNH;FERNANDO;SILVA;27/04/2026;38303233
1306;11;CNH;FERNANDO;SILVA;28/04/2026;38303233
1307;11;CNH;FERNANDO;SILVA;29/04/2026;38303233
1308;11;CNH;FERNANDO;SILVA;30/04/2026;38303233
1309;11;CNH;FERNANDO;SILVA;01/05/2026;38303233
1310;11;CNH;FERNANDO;SILVA;02/05/2026;38303233
1311;11;CNH;FERNANDO;SILVA;03/05/2026;38303233
1312;11;CNH;FERNANDO;SILVA;04/05/2026;38303233
1313;11;CNH;FERNANDO;SILVA;05/05/2026;38303233
1314;11;CNH;FERNANDO;SILVA;06/05/2026;38303233
1315;11;CNH;FERNANDO;SILVA;07/05/2026;38303233
1316;11;CNH;FERNANDO;SILVA;08/05/2026;38303233
1317;11;CNH;FERNANDO;SILVA;09/05/2026;38303233
1318;11;CNH;FERNANDO;SILVA;10/05/2026;38303233
1319;11;CNH;FERNANDO;SILVA;11/05/2026;38303233
1320;11;CNH;FERNANDO;SILVA;12/05/2026;38303233
1321;11;CNH;FERNANDO;SILVA;13/05/2026;38303233
1322;11;CNH;FERNANDO;SILVA;14/05/2026;38303233
1323;11;CNH;FERNANDO;SILVA;15/05/2026;38303233
1324;11;CNH;FERNANDO;SILVA;16/05/2026;38303233
1325;11;CNH;FERNANDO;SILVA;17/05/2026;38303233
1326;11;CNH;FERNANDO;SILVA;18/05/2026;38303233
1327;11;CNH;FERNANDO;SILVA;19/05/2026;38303233
1328;11;CNH;FERNANDO;SILVA;20/05/2026;38303233
1329;11;CNH;FERNANDO;SILVA;21/05/2026;38303233
1330;11;CNH;FERNANDO;SILVA;22/05/2026;38303233
1331;11;CNH;FERNANDO;SILVA;23/05/2026;38303233
1332;11;CNH;FERNANDO;SILVA;24/05/2026;38303233
1333;11;CNH;FERNANDO;SILVA;25/05/2026;38303233
1334;11;CNH;FERNANDO;SILVA;26/05/2026;38303233
1335;11;CNH;FERNANDO;SILVA;27/05/2026;38303233
1336;11;CNH;FERNANDO;SILVA;28/05/2026;38303233
1337;11;CNH;FERNANDO;SILVA;29/05/2026;38303233
1338;11;CNH;FERNANDO;SILVA;30/05/2026;38303233
1339;11;CNH;FERNANDO;SILVA;31/05/2026;38303233
1340;11;CNH;FERNANDO;SILVA;01/06/2026;38303233
1341;11;CNH;FERNANDO;SILVA;02/06/2026;38303233
1342;11;CNH;FERNANDO;SILVA;03/06/2026;38303233
1343;11;CNH;FERNANDO;SILVA;04/06/2026;38303233
1344;11;CNH;FERNANDO;SILVA;05/06/2026;38303233
1345;11;CNH;FERNANDO;SILVA;06/06/2026;38303233
1346;11;CNH;FERNANDO;SILVA;07/06/2026;38303233
1347;11;CNH;FERNANDO;SILVA;08/06/2026;38303233
1348;11;CNH;FERNANDO;SILVA;09/06/2026;38303233
1349;11;CNH;FERNANDO;SILVA;10/06/2026;38303233
1350;11;CNH;FERNANDO;SILVA;11/06/2026;38303233
1351;11;CNH;FERNANDO;SILVA;12/06/2026;38303233
1352;11;CNH;FERNANDO;SILVA;13/06/2026;38303233
1353;11;CNH;FERNANDO;SILVA;14/06/2026;38303233
1354;11;CNH;FERNANDO;SILVA;15/06/2026;38303233
1355;11;CNH;FERNANDO;SILVA;16/06/2026;38303233
1356;11;CNH;FERNANDO;SILVA;17/06/2026;38303233
1357;11;CNH;FERNANDO;SILVA;18/06/2026;38303233
1358;11;CNH;FERNANDO;SILVA;19/06/2026;38303233
1359;11;CNH;FERNANDO;SILVA;20/06/2026;38303233
1360;11;CNH;FERNANDO;SILVA;21/06/2026;38303233
1361;11;CNH;FERNANDO;SILVA;22/06/2026;38303233
1362;11;CNH;FERNANDO;SILVA;23/06/2026;38303233
1363;11;CNH;FERNANDO;SILVA;24/06/2026;38303233
1364;11;CNH;FERNANDO;SILVA;25/06/2026;38303233
1365;11;CNH;FERNANDO;SILVA;26/06/2026;38303233
1366;11;CNH;FERNANDO;SILVA;27/06/2026;38303233
1367;11;CNH;FERNANDO;SILVA;28/06/2026;38303233
1368;11;CNH;FERNANDO;SILVA;29/06/2026;38303233
1369;11;CNH;FERNANDO;SILVA;30/06/2026;38303233
1370;11;CNH;FERNANDO;SILVA;01/07/2026;38303233
1371;11;CNH;FERNANDO;SILVA;02/07/2026;38303233
1372;11;CNH;FERNANDO;SILVA;03/07/2026;38303233
1373;11;CNH;FERNANDO;SILVA;04/07/2026;38303233
1374;11;CNH;FERNANDO;SILVA;05/07/2026;38303233
1375;11;CNH;FERNANDO;SILVA;06/07/2026;38303233
1376;11;CNH;FERNANDO;SILVA;07/07/2026;38303233
1377;11;CNH;FERNANDO;SILVA;08/07/2026;38303233
1378;11;CNH;FERNANDO;SILVA;09/07/2026;38303233
1379;11;CNH;FERNANDO;SILVA;10/07/2026;38303233
1380;11;CNH;FERNANDO;SILVA;11/07/2026;38303233
1381;11;CNH;FERNANDO;SILVA;12/07/2026;38303233
1382;11;CNH;FERNANDO;SILVA;13/07/2026;38303233
1383;11;CNH;FERNANDO;SILVA;14/07/2026;38303233
1384;11;CNH;FERNANDO;SILVA;15/07/2026;38303233
1385;11;CNH;FERNANDO;SILVA;16/07/2026;38303233
1386;11;CNH;FERNANDO;SILVA;17/07/2026;38303233
1387;11;CNH;FERNANDO;SILVA;18/07/2026;38303233
1388;11;CNH;FERNANDO;SILVA;19/07/2026;38303233
1389;11;CNH;FERNANDO;SILVA;20/07/2026;38303233
1390;11;CNH;FERNANDO;SILVA;21/07/2026;38303233
1391;11;CNH;FERNANDO;SILVA;22/07/2026;38303233
1392;11;CNH;FERNANDO;SILVA;23/07/2026;38303233
1393;11;CNH;FERNANDO;SILVA;24/07/2026;38303233
1394;11;CNH;FERNANDO;SILVA;25/07/2026;38303233
1395;11;CNH;FERNANDO;SILVA;26/07/2026;38303233
1396;11;CNH;FERNANDO;SILVA;27/07/2026;38303233
1397;11;CNH;FERNANDO;SILVA;28/07/2026;38303233
1398;11;CNH;FERNANDO;SILVA;29/07/2026;38303233
1399;11;CNH;FERNANDO;SILVA;30/07/2026;38303233
1400;11;CNH;FERNANDO;SILVA;31/07/2026;38303233
1401;11;CNH;FERNANDO;SILVA;01/08/2026;38303233
1402;11;CNH;FERNANDO;SILVA;02/08/2026;38303233
1403;11;CNH;FERNANDO;SILVA;03/08/2026;38303233
1404;11;CNH;FERNANDO;SILVA;04/08/2026;38303233
1405;11;CNH;FERNANDO;SILVA;05/08/2026;38303233
1406;11;CNH;FERNANDO;SILVA;06/08/2026;38303233
1407;11;CNH;FERNANDO;SILVA;07/08/2026;38303233
1408;11;CNH;FERNANDO;SILVA;08/08/2026;38303233
1409;11;CNH;FERNANDO;SILVA;09/08/2026;38303233
1410;11;CNH;FERNANDO;SILVA;10/08/2026;38303233
1411;11;CNH;FERNANDO;SILVA;11/08/2026;38303233
1412;11;CNH;FERNANDO;SILVA;12/08/2026;38303233
1413;11;CNH;FERNANDO;SILVA;13/08/2026;38303233
1414;11;CNH;FERNANDO;SILVA;14/08/2026;38303233
1415;11;CNH;FERNANDO;SILVA;15/08/2026;38303233
1416;11;CNH;FERNANDO;SILVA;16/08/2026;38303233
1417;11;CNH;FERNANDO;SILVA;17/08/2026;38303233
1418;11;CNH;FERNANDO;SILVA;18/08/2026;38303233
1419;11;CNH;FERNANDO;SILVA;19/08/2026;38303233
1420;11;CNH;FERNANDO;SILVA;20/08/2026;38303233
1421;11;CNH;FERNANDO;SILVA;21/08/2026;38303233
1422;11;CNH;FERNANDO;SILVA;22/08/2026;38303233
1423;11;CNH;FERNANDO;SILVA;23/08/2026;38303233
1424;11;CNH;FERNANDO;SILVA;24/08/2026;38303233
1425;11;CNH;FERNANDO;SILVA;25/08/2026;38303233
1426;11;CNH;FERNANDO;SILVA;26/08/2026;38303233
1427;11;CNH;FERNANDO;SILVA;27/08/2026;38303233
1428;11;CNH;FERNANDO;SILVA;28/08/2026;38303233
1429;11;CNH;FERNANDO;SILVA;29/08/2026;38303233
1430;11;CNH;FERNANDO;SILVA;30/08/2026;38303233
1431;11;CNH;FERNANDO;SILVA;31/08/2026;38303233
1432;11;CNH;FERNANDO;SILVA;01/09/2026;38303233
1433;11;CNH;FERNANDO;SILVA;02/09/2026;38303233
1434;11;CNH;FERNANDO;SILVA;03/09/2026;38303233
1435;11;CNH;FERNANDO;SILVA;04/09/2026;38303233
1436;11;CNH;FERNANDO;SILVA;05/09/2026;38303233
1437;11;CNH;FERNANDO;SILVA;06/09/2026;38303233
1438;11;CNH;FERNANDO;SILVA;07/09/2026;38303233
1439;11;CNH;FERNANDO;SILVA;08/09/2026;38303233
1440;11;CNH;FERNANDO;SILVA;09/09/2026;38303233
1441;11;CNH;FERNANDO;SILVA;10/09/2026;38303233
1442;11;CNH;FERNANDO;SILVA;11/09/2026;38303233
1443;11;CNH;FERNANDO;SILVA;12/09/2026;38303233
1444;11;CNH;FERNANDO;SILVA;13/09/2026;38303233
1445;11;CNH;FERNANDO;SILVA;14/09/2026;38303233
1446;11;CNH;FERNANDO;SILVA;15/09/2026;38303233
1447;11;CNH;FERNANDO;SILVA;16/09/2026;38303233
1448;11;CNH;FERNANDO;SILVA;17/09/2026;38303233
1449;11;CNH;FERNANDO;SILVA;18/09/2026;38303233
1450;11;CNH;FERNANDO;SILVA;19/09/2026;38303233
1451;11;CNH;FERNANDO;SILVA;20/09/2026;38303233
1452;11;CNH;FERNANDO;SILVA;21/09/2026;38303233
1453;11;CNH;FERNANDO;SILVA;22/09/2026;38303233
1454;11;CNH;FERNANDO;SILVA;23/09/2026;38303233
1455;11;CNH;FERNANDO;SILVA;24/09/2026;38303233
1456;11;CNH;FERNANDO;SILVA;25/09/2026;38303233
1457;11;CNH;FERNANDO;SILVA;26/09/2026;38303233
1458;11;CNH;FERNANDO;SILVA;27/09/2026;38303233
1459;11;CNH;FERNANDO;SILVA;28/09/2026;38303233
1460;11;CNH;FERNANDO;SILVA;29/09/2026;38303233
1461;11;CNH;FERNANDO;SILVA;30/09/2026;38303233
1462;11;CNH;FERNANDO;SILVA;01/10/2026;38303233
1463;11;CNH;FERNANDO;SILVA;02/10/2026;38303233
1464;11;CNH;FERNANDO;SILVA;03/10/2026;38303233
1465;11;CNH;FERNANDO;SILVA;04/10/2026;38303233
1466;11;CNH;FERNANDO;SILVA;05/10/2026;38303233
1467;11;CNH;FERNANDO;SILVA;06/10/2026;38303233
1468;11;CNH;FERNANDO;SILVA;07/10/2026;38303233
1469;11;CNH;FERNANDO;SILVA;08/10/2026;38303233
1470;11;CNH;FERNANDO;SILVA;09/10/2026;38303233
1471;11;CNH;FERNANDO;SILVA;10/10/2026;38303233
1472;11;CNH;FERNANDO;SILVA;11/10/2026;38303233
1473;11;CNH;FERNANDO;SILVA;12/10/2026;38303233
1474;11;CNH;FERNANDO;SILVA;13/10/2026;38303233
1475;11;CNH;FERNANDO;SILVA;14/10/2026;38303233
1476;11;CNH;FERNANDO;SILVA;15/10/2026;38303233
1477;11;CNH;FERNANDO;SILVA;16/10/2026;38303233
1478;11;CNH;FERNANDO;SILVA;17/10/2026;38303233
1479;11;CNH;FERNANDO;SILVA;18/10/2026;38303233
1480;11;CNH;FERNANDO;SILVA;19/10/2026;38303233
1481;11;CNH;FERNANDO;SILVA;20/10/2026;38303233
1482;11;CNH;FERNANDO;SILVA;21/10/2026;38303233
1483;11;CNH;FERNANDO;SILVA;22/10/2026;38303233
1484;11;CNH;FERNANDO;SILVA;23/10/2026;38303233
1485;11;CNH;FERNANDO;SILVA;24/10/2026;38303233
1486;11;CNH;FERNANDO;SILVA;25/10/2026;38303233
1487;11;CNH;FERNANDO;SILVA;26/10/2026;38303233
1488;11;CNH;FERNANDO;SILVA;27/10/2026;38303233
1489;11;CNH;FERNANDO;SILVA;28/10/2026;38303233
1490;11;CNH;FERNANDO;SILVA;29/10/2026;38303233
1491;11;CNH;FERNANDO;SILVA;30/10/2026;38303233
1492;11;CNH;FERNANDO;SILVA;31/10/2026;38303233
1493;11;CNH;FERNANDO;SILVA;01/11/2026;38303233
1494;11;CNH;FERNANDO;SILVA;02/11/2026;38303233
1495;11;CNH;FERNANDO;SILVA;03/11/2026;38303233
1496;11;CNH;FERNANDO;SILVA;04/11/2026;38303233
1497;11;CNH;FERNANDO;SILVA;05/11/2026;38303233
1498;11;CNH;FERNANDO;SILVA;06/11/2026;38303233
1499;11;CNH;FERNANDO;SILVA;07/11/2026;38303233
1500;11;CNH;FERNANDO;SILVA;08/11/2026;38303233
